case_id,task_duration(us),device_id,operation,description,m,n,k,A,B,C
1,18.040,0,Gemm,catlass_gemm_quant_matmul_int8xColumnMajor_int8xColumnMajor_fp16xRowMajor_128x128x128_128x128x32_swizzle3x1,256,512,1024,int8:column,int8:column,int32:row
2,19.220,0,Gemm,catlass_gemm_quant_matmul_int8xColumnMajor_int8xColumnMajor_fp16xRowMajor_128x128x128_128x128x64_swizzle3x1,256,512,1024,int8:column,int8:column,int32:row
3,18.800,0,Gemm,catlass_gemm_quant_matmul_int8xColumnMajor_int8xColumnMajor_fp16xRowMajor_128x128x128_128x128x96_swizzle3x1,256,512,1024,int8:column,int8:column,int32:row
4,18.760,0,Gemm,catlass_gemm_quant_matmul_int8xColumnMajor_int8xColumnMajor_fp16xRowMajor_128x128x128_128x128x128_swizzle3x1,256,512,1024,int8:column,int8:column,int32:row
5,22.080,0,Gemm,catlass_gemm_quant_matmul_int8xColumnMajor_int8xColumnMajor_fp16xRowMajor_128x128x160_128x128x32_swizzle3x1,256,512,1024,int8:column,int8:column,int32:row
6,20.400,0,Gemm,catlass_gemm_quant_matmul_int8xColumnMajor_int8xColumnMajor_fp16xRowMajor_128x128x160_128x128x64_swizzle3x1,256,512,1024,int8:column,int8:column,int32:row
7,20.640,0,Gemm,catlass_gemm_quant_matmul_int8xColumnMajor_int8xColumnMajor_fp16xRowMajor_128x128x160_128x128x96_swizzle3x1,256,512,1024,int8:column,int8:column,int32:row
8,20.600,0,Gemm,catlass_gemm_quant_matmul_int8xColumnMajor_int8xColumnMajor_fp16xRowMajor_128x128x160_128x128x128_swizzle3x1,256,512,1024,int8:column,int8:column,int32:row
9,20.180,0,Gemm,catlass_gemm_quant_matmul_int8xColumnMajor_int8xColumnMajor_fp16xRowMajor_128x128x192_128x128x32_swizzle3x1,256,512,1024,int8:column,int8:column,int32:row
10,19.720,0,Gemm,catlass_gemm_quant_matmul_int8xColumnMajor_int8xColumnMajor_fp16xRowMajor_128x128x192_128x128x64_swizzle3x1,256,512,1024,int8:column,int8:column,int32:row
11,20.740,0,Gemm,catlass_gemm_quant_matmul_int8xColumnMajor_int8xColumnMajor_fp16xRowMajor_128x128x192_128x128x96_swizzle3x1,256,512,1024,int8:column,int8:column,int32:row
12,20.080,0,Gemm,catlass_gemm_quant_matmul_int8xColumnMajor_int8xColumnMajor_fp16xRowMajor_128x128x192_128x128x128_swizzle3x1,256,512,1024,int8:column,int8:column,int32:row
13,20.000,0,Gemm,catlass_gemm_quant_matmul_int8xColumnMajor_int8xColumnMajor_fp16xRowMajor_128x128x224_128x128x32_swizzle3x1,256,512,1024,int8:column,int8:column,int32:row
14,20.320,0,Gemm,catlass_gemm_quant_matmul_int8xColumnMajor_int8xColumnMajor_fp16xRowMajor_128x128x224_128x128x64_swizzle3x1,256,512,1024,int8:column,int8:column,int32:row
15,22.520,0,Gemm,catlass_gemm_quant_matmul_int8xColumnMajor_int8xColumnMajor_fp16xRowMajor_128x128x224_128x128x96_swizzle3x1,256,512,1024,int8:column,int8:column,int32:row
16,19.660,0,Gemm,catlass_gemm_quant_matmul_int8xColumnMajor_int8xColumnMajor_fp16xRowMajor_128x128x224_128x128x128_swizzle3x1,256,512,1024,int8:column,int8:column,int32:row
17,18.740,0,Gemm,catlass_gemm_quant_matmul_int8xColumnMajor_int8xColumnMajor_fp16xRowMajor_128x128x256_128x128x32_swizzle3x1,256,512,1024,int8:column,int8:column,int32:row
18,17.580,0,Gemm,catlass_gemm_quant_matmul_int8xColumnMajor_int8xColumnMajor_fp16xRowMajor_128x128x256_128x128x64_swizzle3x1,256,512,1024,int8:column,int8:column,int32:row
19,18.280,0,Gemm,catlass_gemm_quant_matmul_int8xColumnMajor_int8xColumnMajor_fp16xRowMajor_128x128x256_128x128x96_swizzle3x1,256,512,1024,int8:column,int8:column,int32:row
20,18.000,0,Gemm,catlass_gemm_quant_matmul_int8xColumnMajor_int8xColumnMajor_fp16xRowMajor_128x128x256_128x128x128_swizzle3x1,256,512,1024,int8:column,int8:column,int32:row
21,20.760,0,Gemm,catlass_gemm_quant_matmul_int8xColumnMajor_int8xColumnMajor_fp16xRowMajor_128x128x288_128x128x32_swizzle3x1,256,512,1024,int8:column,int8:column,int32:row
22,20.820,0,Gemm,catlass_gemm_quant_matmul_int8xColumnMajor_int8xColumnMajor_fp16xRowMajor_128x128x288_128x128x64_swizzle3x1,256,512,1024,int8:column,int8:column,int32:row
23,22.060,0,Gemm,catlass_gemm_quant_matmul_int8xColumnMajor_int8xColumnMajor_fp16xRowMajor_128x128x288_128x128x96_swizzle3x1,256,512,1024,int8:column,int8:column,int32:row
24,19.080,0,Gemm,catlass_gemm_quant_matmul_int8xColumnMajor_int8xColumnMajor_fp16xRowMajor_128x128x288_128x128x128_swizzle3x1,256,512,1024,int8:column,int8:column,int32:row
25,20.560,0,Gemm,catlass_gemm_quant_matmul_int8xColumnMajor_int8xColumnMajor_fp16xRowMajor_128x128x320_128x128x32_swizzle3x1,256,512,1024,int8:column,int8:column,int32:row
26,20.700,0,Gemm,catlass_gemm_quant_matmul_int8xColumnMajor_int8xColumnMajor_fp16xRowMajor_128x128x320_128x128x64_swizzle3x1,256,512,1024,int8:column,int8:column,int32:row
27,20.420,0,Gemm,catlass_gemm_quant_matmul_int8xColumnMajor_int8xColumnMajor_fp16xRowMajor_128x128x320_128x128x96_swizzle3x1,256,512,1024,int8:column,int8:column,int32:row
28,19.660,0,Gemm,catlass_gemm_quant_matmul_int8xColumnMajor_int8xColumnMajor_fp16xRowMajor_128x128x320_128x128x128_swizzle3x1,256,512,1024,int8:column,int8:column,int32:row
29,20.720,0,Gemm,catlass_gemm_quant_matmul_int8xColumnMajor_int8xColumnMajor_fp16xRowMajor_128x128x352_128x128x32_swizzle3x1,256,512,1024,int8:column,int8:column,int32:row
30,20.380,0,Gemm,catlass_gemm_quant_matmul_int8xColumnMajor_int8xColumnMajor_fp16xRowMajor_128x128x352_128x128x64_swizzle3x1,256,512,1024,int8:column,int8:column,int32:row
31,21.200,0,Gemm,catlass_gemm_quant_matmul_int8xColumnMajor_int8xColumnMajor_fp16xRowMajor_128x128x352_128x128x96_swizzle3x1,256,512,1024,int8:column,int8:column,int32:row
32,21.020,0,Gemm,catlass_gemm_quant_matmul_int8xColumnMajor_int8xColumnMajor_fp16xRowMajor_128x128x352_128x128x128_swizzle3x1,256,512,1024,int8:column,int8:column,int32:row
33,19.880,0,Gemm,catlass_gemm_quant_matmul_int8xColumnMajor_int8xColumnMajor_fp16xRowMajor_128x128x384_128x128x32_swizzle3x1,256,512,1024,int8:column,int8:column,int32:row
34,18.620,0,Gemm,catlass_gemm_quant_matmul_int8xColumnMajor_int8xColumnMajor_fp16xRowMajor_128x128x384_128x128x64_swizzle3x1,256,512,1024,int8:column,int8:column,int32:row
35,19.480,0,Gemm,catlass_gemm_quant_matmul_int8xColumnMajor_int8xColumnMajor_fp16xRowMajor_128x128x384_128x128x96_swizzle3x1,256,512,1024,int8:column,int8:column,int32:row
36,20.720,0,Gemm,catlass_gemm_quant_matmul_int8xColumnMajor_int8xColumnMajor_fp16xRowMajor_128x128x384_128x128x128_swizzle3x1,256,512,1024,int8:column,int8:column,int32:row
37,20.360,0,Gemm,catlass_gemm_quant_matmul_int8xColumnMajor_int8xColumnMajor_fp16xRowMajor_128x128x416_128x128x32_swizzle3x1,256,512,1024,int8:column,int8:column,int32:row
38,20.620,0,Gemm,catlass_gemm_quant_matmul_int8xColumnMajor_int8xColumnMajor_fp16xRowMajor_128x128x416_128x128x64_swizzle3x1,256,512,1024,int8:column,int8:column,int32:row
39,20.680,0,Gemm,catlass_gemm_quant_matmul_int8xColumnMajor_int8xColumnMajor_fp16xRowMajor_128x128x416_128x128x96_swizzle3x1,256,512,1024,int8:column,int8:column,int32:row
40,20.700,0,Gemm,catlass_gemm_quant_matmul_int8xColumnMajor_int8xColumnMajor_fp16xRowMajor_128x128x416_128x128x128_swizzle3x1,256,512,1024,int8:column,int8:column,int32:row
41,21.580,0,Gemm,catlass_gemm_quant_matmul_int8xColumnMajor_int8xColumnMajor_fp16xRowMajor_128x128x448_128x128x32_swizzle3x1,256,512,1024,int8:column,int8:column,int32:row
42,20.700,0,Gemm,catlass_gemm_quant_matmul_int8xColumnMajor_int8xColumnMajor_fp16xRowMajor_128x128x448_128x128x64_swizzle3x1,256,512,1024,int8:column,int8:column,int32:row
43,21.180,0,Gemm,catlass_gemm_quant_matmul_int8xColumnMajor_int8xColumnMajor_fp16xRowMajor_128x128x448_128x128x96_swizzle3x1,256,512,1024,int8:column,int8:column,int32:row
44,20.920,0,Gemm,catlass_gemm_quant_matmul_int8xColumnMajor_int8xColumnMajor_fp16xRowMajor_128x128x448_128x128x128_swizzle3x1,256,512,1024,int8:column,int8:column,int32:row
45,22.360,0,Gemm,catlass_gemm_quant_matmul_int8xColumnMajor_int8xColumnMajor_fp16xRowMajor_128x128x480_128x128x32_swizzle3x1,256,512,1024,int8:column,int8:column,int32:row
46,21.920,0,Gemm,catlass_gemm_quant_matmul_int8xColumnMajor_int8xColumnMajor_fp16xRowMajor_128x128x480_128x128x64_swizzle3x1,256,512,1024,int8:column,int8:column,int32:row
47,20.720,0,Gemm,catlass_gemm_quant_matmul_int8xColumnMajor_int8xColumnMajor_fp16xRowMajor_128x128x480_128x128x96_swizzle3x1,256,512,1024,int8:column,int8:column,int32:row
48,20.420,0,Gemm,catlass_gemm_quant_matmul_int8xColumnMajor_int8xColumnMajor_fp16xRowMajor_128x128x480_128x128x128_swizzle3x1,256,512,1024,int8:column,int8:column,int32:row
49,19.440,0,Gemm,catlass_gemm_quant_matmul_int8xColumnMajor_int8xColumnMajor_fp16xRowMajor_128x128x512_128x128x32_swizzle3x1,256,512,1024,int8:column,int8:column,int32:row
50,18.460,0,Gemm,catlass_gemm_quant_matmul_int8xColumnMajor_int8xColumnMajor_fp16xRowMajor_128x128x512_128x128x64_swizzle3x1,256,512,1024,int8:column,int8:column,int32:row
51,19.600,0,Gemm,catlass_gemm_quant_matmul_int8xColumnMajor_int8xColumnMajor_fp16xRowMajor_128x128x512_128x128x96_swizzle3x1,256,512,1024,int8:column,int8:column,int32:row
52,18.460,0,Gemm,catlass_gemm_quant_matmul_int8xColumnMajor_int8xColumnMajor_fp16xRowMajor_128x128x512_128x128x128_swizzle3x1,256,512,1024,int8:column,int8:column,int32:row
53,22.000,0,Gemm,catlass_gemm_quant_matmul_int8xColumnMajor_int8xColumnMajor_fp16xRowMajor_128x160x128_128x160x32_swizzle3x1,256,512,1024,int8:column,int8:column,int32:row
54,22.300,0,Gemm,catlass_gemm_quant_matmul_int8xColumnMajor_int8xColumnMajor_fp16xRowMajor_128x160x128_128x160x64_swizzle3x1,256,512,1024,int8:column,int8:column,int32:row
55,22.460,0,Gemm,catlass_gemm_quant_matmul_int8xColumnMajor_int8xColumnMajor_fp16xRowMajor_128x160x128_128x160x96_swizzle3x1,256,512,1024,int8:column,int8:column,int32:row
56,22.680,0,Gemm,catlass_gemm_quant_matmul_int8xColumnMajor_int8xColumnMajor_fp16xRowMajor_128x160x128_128x160x128_swizzle3x1,256,512,1024,int8:column,int8:column,int32:row
57,24.020,0,Gemm,catlass_gemm_quant_matmul_int8xColumnMajor_int8xColumnMajor_fp16xRowMajor_128x160x160_128x160x32_swizzle3x1,256,512,1024,int8:column,int8:column,int32:row
58,24.400,0,Gemm,catlass_gemm_quant_matmul_int8xColumnMajor_int8xColumnMajor_fp16xRowMajor_128x160x160_128x160x64_swizzle3x1,256,512,1024,int8:column,int8:column,int32:row
59,23.300,0,Gemm,catlass_gemm_quant_matmul_int8xColumnMajor_int8xColumnMajor_fp16xRowMajor_128x160x160_128x160x96_swizzle3x1,256,512,1024,int8:column,int8:column,int32:row
60,24.200,0,Gemm,catlass_gemm_quant_matmul_int8xColumnMajor_int8xColumnMajor_fp16xRowMajor_128x160x160_128x160x128_swizzle3x1,256,512,1024,int8:column,int8:column,int32:row
61,23.400,0,Gemm,catlass_gemm_quant_matmul_int8xColumnMajor_int8xColumnMajor_fp16xRowMajor_128x160x192_128x160x32_swizzle3x1,256,512,1024,int8:column,int8:column,int32:row
62,23.280,0,Gemm,catlass_gemm_quant_matmul_int8xColumnMajor_int8xColumnMajor_fp16xRowMajor_128x160x192_128x160x64_swizzle3x1,256,512,1024,int8:column,int8:column,int32:row
63,23.380,0,Gemm,catlass_gemm_quant_matmul_int8xColumnMajor_int8xColumnMajor_fp16xRowMajor_128x160x192_128x160x96_swizzle3x1,256,512,1024,int8:column,int8:column,int32:row
64,24.620,0,Gemm,catlass_gemm_quant_matmul_int8xColumnMajor_int8xColumnMajor_fp16xRowMajor_128x160x192_128x160x128_swizzle3x1,256,512,1024,int8:column,int8:column,int32:row
65,24.660,0,Gemm,catlass_gemm_quant_matmul_int8xColumnMajor_int8xColumnMajor_fp16xRowMajor_128x160x224_128x160x32_swizzle3x1,256,512,1024,int8:column,int8:column,int32:row
66,23.720,0,Gemm,catlass_gemm_quant_matmul_int8xColumnMajor_int8xColumnMajor_fp16xRowMajor_128x160x224_128x160x64_swizzle3x1,256,512,1024,int8:column,int8:column,int32:row
67,24.200,0,Gemm,catlass_gemm_quant_matmul_int8xColumnMajor_int8xColumnMajor_fp16xRowMajor_128x160x224_128x160x96_swizzle3x1,256,512,1024,int8:column,int8:column,int32:row
68,23.640,0,Gemm,catlass_gemm_quant_matmul_int8xColumnMajor_int8xColumnMajor_fp16xRowMajor_128x160x224_128x160x128_swizzle3x1,256,512,1024,int8:column,int8:column,int32:row
69,21.980,0,Gemm,catlass_gemm_quant_matmul_int8xColumnMajor_int8xColumnMajor_fp16xRowMajor_128x160x256_128x160x32_swizzle3x1,256,512,1024,int8:column,int8:column,int32:row
70,21.200,0,Gemm,catlass_gemm_quant_matmul_int8xColumnMajor_int8xColumnMajor_fp16xRowMajor_128x160x256_128x160x64_swizzle3x1,256,512,1024,int8:column,int8:column,int32:row
71,22.680,0,Gemm,catlass_gemm_quant_matmul_int8xColumnMajor_int8xColumnMajor_fp16xRowMajor_128x160x256_128x160x96_swizzle3x1,256,512,1024,int8:column,int8:column,int32:row
72,23.400,0,Gemm,catlass_gemm_quant_matmul_int8xColumnMajor_int8xColumnMajor_fp16xRowMajor_128x160x256_128x160x128_swizzle3x1,256,512,1024,int8:column,int8:column,int32:row
73,24.100,0,Gemm,catlass_gemm_quant_matmul_int8xColumnMajor_int8xColumnMajor_fp16xRowMajor_128x160x288_128x160x32_swizzle3x1,256,512,1024,int8:column,int8:column,int32:row
74,23.860,0,Gemm,catlass_gemm_quant_matmul_int8xColumnMajor_int8xColumnMajor_fp16xRowMajor_128x160x288_128x160x64_swizzle3x1,256,512,1024,int8:column,int8:column,int32:row
75,23.100,0,Gemm,catlass_gemm_quant_matmul_int8xColumnMajor_int8xColumnMajor_fp16xRowMajor_128x160x288_128x160x96_swizzle3x1,256,512,1024,int8:column,int8:column,int32:row
76,24.040,0,Gemm,catlass_gemm_quant_matmul_int8xColumnMajor_int8xColumnMajor_fp16xRowMajor_128x160x288_128x160x128_swizzle3x1,256,512,1024,int8:column,int8:column,int32:row
77,23.440,0,Gemm,catlass_gemm_quant_matmul_int8xColumnMajor_int8xColumnMajor_fp16xRowMajor_128x160x320_128x160x32_swizzle3x1,256,512,1024,int8:column,int8:column,int32:row
78,25.601,0,Gemm,catlass_gemm_quant_matmul_int8xColumnMajor_int8xColumnMajor_fp16xRowMajor_128x160x320_128x160x64_swizzle3x1,256,512,1024,int8:column,int8:column,int32:row
79,22.800,0,Gemm,catlass_gemm_quant_matmul_int8xColumnMajor_int8xColumnMajor_fp16xRowMajor_128x160x320_128x160x96_swizzle3x1,256,512,1024,int8:column,int8:column,int32:row
80,24.340,0,Gemm,catlass_gemm_quant_matmul_int8xColumnMajor_int8xColumnMajor_fp16xRowMajor_128x160x320_128x160x128_swizzle3x1,256,512,1024,int8:column,int8:column,int32:row
81,23.940,0,Gemm,catlass_gemm_quant_matmul_int8xColumnMajor_int8xColumnMajor_fp16xRowMajor_128x160x352_128x160x32_swizzle3x1,256,512,1024,int8:column,int8:column,int32:row
82,23.980,0,Gemm,catlass_gemm_quant_matmul_int8xColumnMajor_int8xColumnMajor_fp16xRowMajor_128x160x352_128x160x64_swizzle3x1,256,512,1024,int8:column,int8:column,int32:row
83,24.360,0,Gemm,catlass_gemm_quant_matmul_int8xColumnMajor_int8xColumnMajor_fp16xRowMajor_128x160x352_128x160x96_swizzle3x1,256,512,1024,int8:column,int8:column,int32:row
84,24.460,0,Gemm,catlass_gemm_quant_matmul_int8xColumnMajor_int8xColumnMajor_fp16xRowMajor_128x160x352_128x160x128_swizzle3x1,256,512,1024,int8:column,int8:column,int32:row
85,22.760,0,Gemm,catlass_gemm_quant_matmul_int8xColumnMajor_int8xColumnMajor_fp16xRowMajor_128x160x384_128x160x32_swizzle3x1,256,512,1024,int8:column,int8:column,int32:row
86,22.900,0,Gemm,catlass_gemm_quant_matmul_int8xColumnMajor_int8xColumnMajor_fp16xRowMajor_128x160x384_128x160x64_swizzle3x1,256,512,1024,int8:column,int8:column,int32:row
87,22.980,0,Gemm,catlass_gemm_quant_matmul_int8xColumnMajor_int8xColumnMajor_fp16xRowMajor_128x160x384_128x160x96_swizzle3x1,256,512,1024,int8:column,int8:column,int32:row
88,22.740,0,Gemm,catlass_gemm_quant_matmul_int8xColumnMajor_int8xColumnMajor_fp16xRowMajor_128x160x384_128x160x128_swizzle3x1,256,512,1024,int8:column,int8:column,int32:row
89,24.800,0,Gemm,catlass_gemm_quant_matmul_int8xColumnMajor_int8xColumnMajor_fp16xRowMajor_128x160x416_128x160x32_swizzle3x1,256,512,1024,int8:column,int8:column,int32:row
90,24.440,0,Gemm,catlass_gemm_quant_matmul_int8xColumnMajor_int8xColumnMajor_fp16xRowMajor_128x160x416_128x160x64_swizzle3x1,256,512,1024,int8:column,int8:column,int32:row
91,24.580,0,Gemm,catlass_gemm_quant_matmul_int8xColumnMajor_int8xColumnMajor_fp16xRowMajor_128x160x416_128x160x96_swizzle3x1,256,512,1024,int8:column,int8:column,int32:row
92,23.920,0,Gemm,catlass_gemm_quant_matmul_int8xColumnMajor_int8xColumnMajor_fp16xRowMajor_128x160x416_128x160x128_swizzle3x1,256,512,1024,int8:column,int8:column,int32:row
93,25.461,0,Gemm,catlass_gemm_quant_matmul_int8xColumnMajor_int8xColumnMajor_fp16xRowMajor_128x160x448_128x160x32_swizzle3x1,256,512,1024,int8:column,int8:column,int32:row
94,23.320,0,Gemm,catlass_gemm_quant_matmul_int8xColumnMajor_int8xColumnMajor_fp16xRowMajor_128x160x448_128x160x64_swizzle3x1,256,512,1024,int8:column,int8:column,int32:row
95,23.440,0,Gemm,catlass_gemm_quant_matmul_int8xColumnMajor_int8xColumnMajor_fp16xRowMajor_128x160x448_128x160x96_swizzle3x1,256,512,1024,int8:column,int8:column,int32:row
96,26.501,0,Gemm,catlass_gemm_quant_matmul_int8xColumnMajor_int8xColumnMajor_fp16xRowMajor_128x160x448_128x160x128_swizzle3x1,256,512,1024,int8:column,int8:column,int32:row
97,26.981,0,Gemm,catlass_gemm_quant_matmul_int8xColumnMajor_int8xColumnMajor_fp16xRowMajor_128x160x480_128x160x32_swizzle3x1,256,512,1024,int8:column,int8:column,int32:row
98,25.461,0,Gemm,catlass_gemm_quant_matmul_int8xColumnMajor_int8xColumnMajor_fp16xRowMajor_128x160x480_128x160x64_swizzle3x1,256,512,1024,int8:column,int8:column,int32:row
99,25.821,0,Gemm,catlass_gemm_quant_matmul_int8xColumnMajor_int8xColumnMajor_fp16xRowMajor_128x160x480_128x160x96_swizzle3x1,256,512,1024,int8:column,int8:column,int32:row
100,24.680,0,Gemm,catlass_gemm_quant_matmul_int8xColumnMajor_int8xColumnMajor_fp16xRowMajor_128x160x480_128x160x128_swizzle3x1,256,512,1024,int8:column,int8:column,int32:row
101,21.660,0,Gemm,catlass_gemm_quant_matmul_int8xColumnMajor_int8xColumnMajor_fp16xRowMajor_128x160x512_128x160x32_swizzle3x1,256,512,1024,int8:column,int8:column,int32:row
102,23.160,0,Gemm,catlass_gemm_quant_matmul_int8xColumnMajor_int8xColumnMajor_fp16xRowMajor_128x160x512_128x160x64_swizzle3x1,256,512,1024,int8:column,int8:column,int32:row
103,21.860,0,Gemm,catlass_gemm_quant_matmul_int8xColumnMajor_int8xColumnMajor_fp16xRowMajor_128x160x512_128x160x96_swizzle3x1,256,512,1024,int8:column,int8:column,int32:row
104,21.380,0,Gemm,catlass_gemm_quant_matmul_int8xColumnMajor_int8xColumnMajor_fp16xRowMajor_128x160x512_128x160x128_swizzle3x1,256,512,1024,int8:column,int8:column,int32:row
105,20.620,0,Gemm,catlass_gemm_quant_matmul_int8xColumnMajor_int8xColumnMajor_fp16xRowMajor_128x192x128_128x192x32_swizzle3x1,256,512,1024,int8:column,int8:column,int32:row
106,20.660,0,Gemm,catlass_gemm_quant_matmul_int8xColumnMajor_int8xColumnMajor_fp16xRowMajor_128x192x128_128x192x64_swizzle3x1,256,512,1024,int8:column,int8:column,int32:row
107,21.060,0,Gemm,catlass_gemm_quant_matmul_int8xColumnMajor_int8xColumnMajor_fp16xRowMajor_128x192x128_128x192x96_swizzle3x1,256,512,1024,int8:column,int8:column,int32:row
108,20.860,0,Gemm,catlass_gemm_quant_matmul_int8xColumnMajor_int8xColumnMajor_fp16xRowMajor_128x192x128_128x192x128_swizzle3x1,256,512,1024,int8:column,int8:column,int32:row
109,23.020,0,Gemm,catlass_gemm_quant_matmul_int8xColumnMajor_int8xColumnMajor_fp16xRowMajor_128x192x160_128x192x32_swizzle3x1,256,512,1024,int8:column,int8:column,int32:row
110,22.940,0,Gemm,catlass_gemm_quant_matmul_int8xColumnMajor_int8xColumnMajor_fp16xRowMajor_128x192x160_128x192x64_swizzle3x1,256,512,1024,int8:column,int8:column,int32:row
111,22.840,0,Gemm,catlass_gemm_quant_matmul_int8xColumnMajor_int8xColumnMajor_fp16xRowMajor_128x192x160_128x192x96_swizzle3x1,256,512,1024,int8:column,int8:column,int32:row
112,24.540,0,Gemm,catlass_gemm_quant_matmul_int8xColumnMajor_int8xColumnMajor_fp16xRowMajor_128x192x160_128x192x128_swizzle3x1,256,512,1024,int8:column,int8:column,int32:row
113,22.180,0,Gemm,catlass_gemm_quant_matmul_int8xColumnMajor_int8xColumnMajor_fp16xRowMajor_128x192x192_128x192x32_swizzle3x1,256,512,1024,int8:column,int8:column,int32:row
114,22.540,0,Gemm,catlass_gemm_quant_matmul_int8xColumnMajor_int8xColumnMajor_fp16xRowMajor_128x192x192_128x192x64_swizzle3x1,256,512,1024,int8:column,int8:column,int32:row
115,22.120,0,Gemm,catlass_gemm_quant_matmul_int8xColumnMajor_int8xColumnMajor_fp16xRowMajor_128x192x192_128x192x96_swizzle3x1,256,512,1024,int8:column,int8:column,int32:row
116,22.860,0,Gemm,catlass_gemm_quant_matmul_int8xColumnMajor_int8xColumnMajor_fp16xRowMajor_128x192x192_128x192x128_swizzle3x1,256,512,1024,int8:column,int8:column,int32:row
117,23.680,0,Gemm,catlass_gemm_quant_matmul_int8xColumnMajor_int8xColumnMajor_fp16xRowMajor_128x192x224_128x192x32_swizzle3x1,256,512,1024,int8:column,int8:column,int32:row
118,22.360,0,Gemm,catlass_gemm_quant_matmul_int8xColumnMajor_int8xColumnMajor_fp16xRowMajor_128x192x224_128x192x64_swizzle3x1,256,512,1024,int8:column,int8:column,int32:row
119,23.780,0,Gemm,catlass_gemm_quant_matmul_int8xColumnMajor_int8xColumnMajor_fp16xRowMajor_128x192x224_128x192x96_swizzle3x1,256,512,1024,int8:column,int8:column,int32:row
120,22.820,0,Gemm,catlass_gemm_quant_matmul_int8xColumnMajor_int8xColumnMajor_fp16xRowMajor_128x192x224_128x192x128_swizzle3x1,256,512,1024,int8:column,int8:column,int32:row
121,19.780,0,Gemm,catlass_gemm_quant_matmul_int8xColumnMajor_int8xColumnMajor_fp16xRowMajor_128x192x256_128x192x32_swizzle3x1,256,512,1024,int8:column,int8:column,int32:row
122,20.340,0,Gemm,catlass_gemm_quant_matmul_int8xColumnMajor_int8xColumnMajor_fp16xRowMajor_128x192x256_128x192x64_swizzle3x1,256,512,1024,int8:column,int8:column,int32:row
123,19.720,0,Gemm,catlass_gemm_quant_matmul_int8xColumnMajor_int8xColumnMajor_fp16xRowMajor_128x192x256_128x192x96_swizzle3x1,256,512,1024,int8:column,int8:column,int32:row
124,20.000,0,Gemm,catlass_gemm_quant_matmul_int8xColumnMajor_int8xColumnMajor_fp16xRowMajor_128x192x256_128x192x128_swizzle3x1,256,512,1024,int8:column,int8:column,int32:row
125,23.260,0,Gemm,catlass_gemm_quant_matmul_int8xColumnMajor_int8xColumnMajor_fp16xRowMajor_128x192x288_128x192x32_swizzle3x1,256,512,1024,int8:column,int8:column,int32:row
126,22.700,0,Gemm,catlass_gemm_quant_matmul_int8xColumnMajor_int8xColumnMajor_fp16xRowMajor_128x192x288_128x192x64_swizzle3x1,256,512,1024,int8:column,int8:column,int32:row
127,23.160,0,Gemm,catlass_gemm_quant_matmul_int8xColumnMajor_int8xColumnMajor_fp16xRowMajor_128x192x288_128x192x96_swizzle3x1,256,512,1024,int8:column,int8:column,int32:row
128,22.780,0,Gemm,catlass_gemm_quant_matmul_int8xColumnMajor_int8xColumnMajor_fp16xRowMajor_128x192x288_128x192x128_swizzle3x1,256,512,1024,int8:column,int8:column,int32:row
129,22.800,0,Gemm,catlass_gemm_quant_matmul_int8xColumnMajor_int8xColumnMajor_fp16xRowMajor_128x192x320_128x192x32_swizzle3x1,256,512,1024,int8:column,int8:column,int32:row
130,23.020,0,Gemm,catlass_gemm_quant_matmul_int8xColumnMajor_int8xColumnMajor_fp16xRowMajor_128x192x320_128x192x64_swizzle3x1,256,512,1024,int8:column,int8:column,int32:row
131,22.660,0,Gemm,catlass_gemm_quant_matmul_int8xColumnMajor_int8xColumnMajor_fp16xRowMajor_128x192x320_128x192x96_swizzle3x1,256,512,1024,int8:column,int8:column,int32:row
132,22.140,0,Gemm,catlass_gemm_quant_matmul_int8xColumnMajor_int8xColumnMajor_fp16xRowMajor_128x192x320_128x192x128_swizzle3x1,256,512,1024,int8:column,int8:column,int32:row
133,23.360,0,Gemm,catlass_gemm_quant_matmul_int8xColumnMajor_int8xColumnMajor_fp16xRowMajor_128x192x352_128x192x32_swizzle3x1,256,512,1024,int8:column,int8:column,int32:row
134,24.320,0,Gemm,catlass_gemm_quant_matmul_int8xColumnMajor_int8xColumnMajor_fp16xRowMajor_128x192x352_128x192x64_swizzle3x1,256,512,1024,int8:column,int8:column,int32:row
135,23.760,0,Gemm,catlass_gemm_quant_matmul_int8xColumnMajor_int8xColumnMajor_fp16xRowMajor_128x192x352_128x192x96_swizzle3x1,256,512,1024,int8:column,int8:column,int32:row
136,23.580,0,Gemm,catlass_gemm_quant_matmul_int8xColumnMajor_int8xColumnMajor_fp16xRowMajor_128x192x352_128x192x128_swizzle3x1,256,512,1024,int8:column,int8:column,int32:row
137,22.520,0,Gemm,catlass_gemm_quant_matmul_int8xColumnMajor_int8xColumnMajor_fp16xRowMajor_128x192x384_128x192x32_swizzle3x1,256,512,1024,int8:column,int8:column,int32:row
138,22.180,0,Gemm,catlass_gemm_quant_matmul_int8xColumnMajor_int8xColumnMajor_fp16xRowMajor_128x192x384_128x192x64_swizzle3x1,256,512,1024,int8:column,int8:column,int32:row
139,21.020,0,Gemm,catlass_gemm_quant_matmul_int8xColumnMajor_int8xColumnMajor_fp16xRowMajor_128x192x384_128x192x96_swizzle3x1,256,512,1024,int8:column,int8:column,int32:row
140,21.760,0,Gemm,catlass_gemm_quant_matmul_int8xColumnMajor_int8xColumnMajor_fp16xRowMajor_128x192x384_128x192x128_swizzle3x1,256,512,1024,int8:column,int8:column,int32:row
141,23.940,0,Gemm,catlass_gemm_quant_matmul_int8xColumnMajor_int8xColumnMajor_fp16xRowMajor_128x192x416_128x192x32_swizzle3x1,256,512,1024,int8:column,int8:column,int32:row
142,24.140,0,Gemm,catlass_gemm_quant_matmul_int8xColumnMajor_int8xColumnMajor_fp16xRowMajor_128x192x416_128x192x64_swizzle3x1,256,512,1024,int8:column,int8:column,int32:row
143,24.820,0,Gemm,catlass_gemm_quant_matmul_int8xColumnMajor_int8xColumnMajor_fp16xRowMajor_128x192x416_128x192x96_swizzle3x1,256,512,1024,int8:column,int8:column,int32:row
144,24.100,0,Gemm,catlass_gemm_quant_matmul_int8xColumnMajor_int8xColumnMajor_fp16xRowMajor_128x192x416_128x192x128_swizzle3x1,256,512,1024,int8:column,int8:column,int32:row
145,24.020,0,Gemm,catlass_gemm_quant_matmul_int8xColumnMajor_int8xColumnMajor_fp16xRowMajor_128x192x448_128x192x32_swizzle3x1,256,512,1024,int8:column,int8:column,int32:row
146,23.440,0,Gemm,catlass_gemm_quant_matmul_int8xColumnMajor_int8xColumnMajor_fp16xRowMajor_128x192x448_128x192x64_swizzle3x1,256,512,1024,int8:column,int8:column,int32:row
147,23.920,0,Gemm,catlass_gemm_quant_matmul_int8xColumnMajor_int8xColumnMajor_fp16xRowMajor_128x192x448_128x192x96_swizzle3x1,256,512,1024,int8:column,int8:column,int32:row
148,24.720,0,Gemm,catlass_gemm_quant_matmul_int8xColumnMajor_int8xColumnMajor_fp16xRowMajor_128x192x448_128x192x128_swizzle3x1,256,512,1024,int8:column,int8:column,int32:row
149,24.720,0,Gemm,catlass_gemm_quant_matmul_int8xColumnMajor_int8xColumnMajor_fp16xRowMajor_128x192x480_128x192x32_swizzle3x1,256,512,1024,int8:column,int8:column,int32:row
150,25.701,0,Gemm,catlass_gemm_quant_matmul_int8xColumnMajor_int8xColumnMajor_fp16xRowMajor_128x192x480_128x192x64_swizzle3x1,256,512,1024,int8:column,int8:column,int32:row
151,25.181,0,Gemm,catlass_gemm_quant_matmul_int8xColumnMajor_int8xColumnMajor_fp16xRowMajor_128x192x480_128x192x96_swizzle3x1,256,512,1024,int8:column,int8:column,int32:row
152,25.481,0,Gemm,catlass_gemm_quant_matmul_int8xColumnMajor_int8xColumnMajor_fp16xRowMajor_128x192x480_128x192x128_swizzle3x1,256,512,1024,int8:column,int8:column,int32:row
153,22.060,0,Gemm,catlass_gemm_quant_matmul_int8xColumnMajor_int8xColumnMajor_fp16xRowMajor_128x192x512_128x192x32_swizzle3x1,256,512,1024,int8:column,int8:column,int32:row
154,19.640,0,Gemm,catlass_gemm_quant_matmul_int8xColumnMajor_int8xColumnMajor_fp16xRowMajor_128x192x512_128x192x64_swizzle3x1,256,512,1024,int8:column,int8:column,int32:row
155,24.760,0,Gemm,catlass_gemm_quant_matmul_int8xColumnMajor_int8xColumnMajor_fp16xRowMajor_128x192x512_128x192x96_swizzle3x1,256,512,1024,int8:column,int8:column,int32:row
156,20.300,0,Gemm,catlass_gemm_quant_matmul_int8xColumnMajor_int8xColumnMajor_fp16xRowMajor_128x192x512_128x192x128_swizzle3x1,256,512,1024,int8:column,int8:column,int32:row
157,23.840,0,Gemm,catlass_gemm_quant_matmul_int8xColumnMajor_int8xColumnMajor_fp16xRowMajor_128x224x128_128x224x32_swizzle3x1,256,512,1024,int8:column,int8:column,int32:row
158,24.460,0,Gemm,catlass_gemm_quant_matmul_int8xColumnMajor_int8xColumnMajor_fp16xRowMajor_128x224x128_128x224x64_swizzle3x1,256,512,1024,int8:column,int8:column,int32:row
159,23.820,0,Gemm,catlass_gemm_quant_matmul_int8xColumnMajor_int8xColumnMajor_fp16xRowMajor_128x224x128_128x224x96_swizzle3x1,256,512,1024,int8:column,int8:column,int32:row
160,22.880,0,Gemm,catlass_gemm_quant_matmul_int8xColumnMajor_int8xColumnMajor_fp16xRowMajor_128x224x128_128x224x128_swizzle3x1,256,512,1024,int8:column,int8:column,int32:row
161,27.181,0,Gemm,catlass_gemm_quant_matmul_int8xColumnMajor_int8xColumnMajor_fp16xRowMajor_128x224x160_128x224x32_swizzle3x1,256,512,1024,int8:column,int8:column,int32:row
162,26.641,0,Gemm,catlass_gemm_quant_matmul_int8xColumnMajor_int8xColumnMajor_fp16xRowMajor_128x224x160_128x224x64_swizzle3x1,256,512,1024,int8:column,int8:column,int32:row
163,26.641,0,Gemm,catlass_gemm_quant_matmul_int8xColumnMajor_int8xColumnMajor_fp16xRowMajor_128x224x160_128x224x96_swizzle3x1,256,512,1024,int8:column,int8:column,int32:row
164,26.721,0,Gemm,catlass_gemm_quant_matmul_int8xColumnMajor_int8xColumnMajor_fp16xRowMajor_128x224x160_128x224x128_swizzle3x1,256,512,1024,int8:column,int8:column,int32:row
165,25.681,0,Gemm,catlass_gemm_quant_matmul_int8xColumnMajor_int8xColumnMajor_fp16xRowMajor_128x224x192_128x224x32_swizzle3x1,256,512,1024,int8:column,int8:column,int32:row
166,24.520,0,Gemm,catlass_gemm_quant_matmul_int8xColumnMajor_int8xColumnMajor_fp16xRowMajor_128x224x192_128x224x64_swizzle3x1,256,512,1024,int8:column,int8:column,int32:row
167,24.720,0,Gemm,catlass_gemm_quant_matmul_int8xColumnMajor_int8xColumnMajor_fp16xRowMajor_128x224x192_128x224x96_swizzle3x1,256,512,1024,int8:column,int8:column,int32:row
168,26.101,0,Gemm,catlass_gemm_quant_matmul_int8xColumnMajor_int8xColumnMajor_fp16xRowMajor_128x224x192_128x224x128_swizzle3x1,256,512,1024,int8:column,int8:column,int32:row
169,27.341,0,Gemm,catlass_gemm_quant_matmul_int8xColumnMajor_int8xColumnMajor_fp16xRowMajor_128x224x224_128x224x32_swizzle3x1,256,512,1024,int8:column,int8:column,int32:row
170,26.521,0,Gemm,catlass_gemm_quant_matmul_int8xColumnMajor_int8xColumnMajor_fp16xRowMajor_128x224x224_128x224x64_swizzle3x1,256,512,1024,int8:column,int8:column,int32:row
171,25.741,0,Gemm,catlass_gemm_quant_matmul_int8xColumnMajor_int8xColumnMajor_fp16xRowMajor_128x224x224_128x224x96_swizzle3x1,256,512,1024,int8:column,int8:column,int32:row
172,26.441,0,Gemm,catlass_gemm_quant_matmul_int8xColumnMajor_int8xColumnMajor_fp16xRowMajor_128x224x224_128x224x128_swizzle3x1,256,512,1024,int8:column,int8:column,int32:row
173,22.820,0,Gemm,catlass_gemm_quant_matmul_int8xColumnMajor_int8xColumnMajor_fp16xRowMajor_128x224x256_128x224x32_swizzle3x1,256,512,1024,int8:column,int8:column,int32:row
174,22.880,0,Gemm,catlass_gemm_quant_matmul_int8xColumnMajor_int8xColumnMajor_fp16xRowMajor_128x224x256_128x224x64_swizzle3x1,256,512,1024,int8:column,int8:column,int32:row
175,22.420,0,Gemm,catlass_gemm_quant_matmul_int8xColumnMajor_int8xColumnMajor_fp16xRowMajor_128x224x256_128x224x96_swizzle3x1,256,512,1024,int8:column,int8:column,int32:row
176,22.160,0,Gemm,catlass_gemm_quant_matmul_int8xColumnMajor_int8xColumnMajor_fp16xRowMajor_128x224x256_128x224x128_swizzle3x1,256,512,1024,int8:column,int8:column,int32:row
177,26.141,0,Gemm,catlass_gemm_quant_matmul_int8xColumnMajor_int8xColumnMajor_fp16xRowMajor_128x224x288_128x224x32_swizzle3x1,256,512,1024,int8:column,int8:column,int32:row
178,26.661,0,Gemm,catlass_gemm_quant_matmul_int8xColumnMajor_int8xColumnMajor_fp16xRowMajor_128x224x288_128x224x64_swizzle3x1,256,512,1024,int8:column,int8:column,int32:row
179,25.821,0,Gemm,catlass_gemm_quant_matmul_int8xColumnMajor_int8xColumnMajor_fp16xRowMajor_128x224x288_128x224x96_swizzle3x1,256,512,1024,int8:column,int8:column,int32:row
180,25.481,0,Gemm,catlass_gemm_quant_matmul_int8xColumnMajor_int8xColumnMajor_fp16xRowMajor_128x224x288_128x224x128_swizzle3x1,256,512,1024,int8:column,int8:column,int32:row
181,25.821,0,Gemm,catlass_gemm_quant_matmul_int8xColumnMajor_int8xColumnMajor_fp16xRowMajor_128x224x320_128x224x32_swizzle3x1,256,512,1024,int8:column,int8:column,int32:row
182,24.940,0,Gemm,catlass_gemm_quant_matmul_int8xColumnMajor_int8xColumnMajor_fp16xRowMajor_128x224x320_128x224x64_swizzle3x1,256,512,1024,int8:column,int8:column,int32:row
183,25.681,0,Gemm,catlass_gemm_quant_matmul_int8xColumnMajor_int8xColumnMajor_fp16xRowMajor_128x224x320_128x224x96_swizzle3x1,256,512,1024,int8:column,int8:column,int32:row
184,25.221,0,Gemm,catlass_gemm_quant_matmul_int8xColumnMajor_int8xColumnMajor_fp16xRowMajor_128x224x320_128x224x128_swizzle3x1,256,512,1024,int8:column,int8:column,int32:row
185,27.481,0,Gemm,catlass_gemm_quant_matmul_int8xColumnMajor_int8xColumnMajor_fp16xRowMajor_128x224x352_128x224x32_swizzle3x1,256,512,1024,int8:column,int8:column,int32:row
186,27.681,0,Gemm,catlass_gemm_quant_matmul_int8xColumnMajor_int8xColumnMajor_fp16xRowMajor_128x224x352_128x224x64_swizzle3x1,256,512,1024,int8:column,int8:column,int32:row
187,26.201,0,Gemm,catlass_gemm_quant_matmul_int8xColumnMajor_int8xColumnMajor_fp16xRowMajor_128x224x352_128x224x96_swizzle3x1,256,512,1024,int8:column,int8:column,int32:row
188,27.901,0,Gemm,catlass_gemm_quant_matmul_int8xColumnMajor_int8xColumnMajor_fp16xRowMajor_128x224x352_128x224x128_swizzle3x1,256,512,1024,int8:column,int8:column,int32:row
189,24.700,0,Gemm,catlass_gemm_quant_matmul_int8xColumnMajor_int8xColumnMajor_fp16xRowMajor_128x224x384_128x224x32_swizzle3x1,256,512,1024,int8:column,int8:column,int32:row
190,25.181,0,Gemm,catlass_gemm_quant_matmul_int8xColumnMajor_int8xColumnMajor_fp16xRowMajor_128x224x384_128x224x64_swizzle3x1,256,512,1024,int8:column,int8:column,int32:row
191,24.580,0,Gemm,catlass_gemm_quant_matmul_int8xColumnMajor_int8xColumnMajor_fp16xRowMajor_128x224x384_128x224x96_swizzle3x1,256,512,1024,int8:column,int8:column,int32:row
192,24.880,0,Gemm,catlass_gemm_quant_matmul_int8xColumnMajor_int8xColumnMajor_fp16xRowMajor_128x224x384_128x224x128_swizzle3x1,256,512,1024,int8:column,int8:column,int32:row
193,27.061,0,Gemm,catlass_gemm_quant_matmul_int8xColumnMajor_int8xColumnMajor_fp16xRowMajor_128x224x416_128x224x32_swizzle3x1,256,512,1024,int8:column,int8:column,int32:row
194,28.141,0,Gemm,catlass_gemm_quant_matmul_int8xColumnMajor_int8xColumnMajor_fp16xRowMajor_128x224x416_128x224x64_swizzle3x1,256,512,1024,int8:column,int8:column,int32:row
195,25.701,0,Gemm,catlass_gemm_quant_matmul_int8xColumnMajor_int8xColumnMajor_fp16xRowMajor_128x224x416_128x224x96_swizzle3x1,256,512,1024,int8:column,int8:column,int32:row
196,27.341,0,Gemm,catlass_gemm_quant_matmul_int8xColumnMajor_int8xColumnMajor_fp16xRowMajor_128x224x416_128x224x128_swizzle3x1,256,512,1024,int8:column,int8:column,int32:row
197,27.141,0,Gemm,catlass_gemm_quant_matmul_int8xColumnMajor_int8xColumnMajor_fp16xRowMajor_128x224x448_128x224x32_swizzle3x1,256,512,1024,int8:column,int8:column,int32:row
198,27.441,0,Gemm,catlass_gemm_quant_matmul_int8xColumnMajor_int8xColumnMajor_fp16xRowMajor_128x224x448_128x224x64_swizzle3x1,256,512,1024,int8:column,int8:column,int32:row
199,27.181,0,Gemm,catlass_gemm_quant_matmul_int8xColumnMajor_int8xColumnMajor_fp16xRowMajor_128x224x448_128x224x96_swizzle3x1,256,512,1024,int8:column,int8:column,int32:row
200,28.081,0,Gemm,catlass_gemm_quant_matmul_int8xColumnMajor_int8xColumnMajor_fp16xRowMajor_128x224x448_128x224x128_swizzle3x1,256,512,1024,int8:column,int8:column,int32:row
201,28.461,0,Gemm,catlass_gemm_quant_matmul_int8xColumnMajor_int8xColumnMajor_fp16xRowMajor_128x224x480_128x224x32_swizzle3x1,256,512,1024,int8:column,int8:column,int32:row
202,27.161,0,Gemm,catlass_gemm_quant_matmul_int8xColumnMajor_int8xColumnMajor_fp16xRowMajor_128x224x480_128x224x64_swizzle3x1,256,512,1024,int8:column,int8:column,int32:row
203,28.221,0,Gemm,catlass_gemm_quant_matmul_int8xColumnMajor_int8xColumnMajor_fp16xRowMajor_128x224x480_128x224x96_swizzle3x1,256,512,1024,int8:column,int8:column,int32:row
204,27.921,0,Gemm,catlass_gemm_quant_matmul_int8xColumnMajor_int8xColumnMajor_fp16xRowMajor_128x224x480_128x224x128_swizzle3x1,256,512,1024,int8:column,int8:column,int32:row
205,23.900,0,Gemm,catlass_gemm_quant_matmul_int8xColumnMajor_int8xColumnMajor_fp16xRowMajor_128x224x512_128x224x32_swizzle3x1,256,512,1024,int8:column,int8:column,int32:row
206,23.180,0,Gemm,catlass_gemm_quant_matmul_int8xColumnMajor_int8xColumnMajor_fp16xRowMajor_128x224x512_128x224x64_swizzle3x1,256,512,1024,int8:column,int8:column,int32:row
207,23.620,0,Gemm,catlass_gemm_quant_matmul_int8xColumnMajor_int8xColumnMajor_fp16xRowMajor_128x224x512_128x224x96_swizzle3x1,256,512,1024,int8:column,int8:column,int32:row
208,22.980,0,Gemm,catlass_gemm_quant_matmul_int8xColumnMajor_int8xColumnMajor_fp16xRowMajor_128x224x512_128x224x128_swizzle3x1,256,512,1024,int8:column,int8:column,int32:row
209,21.780,0,Gemm,catlass_gemm_quant_matmul_int8xColumnMajor_int8xColumnMajor_fp16xRowMajor_128x256x128_128x256x32_swizzle3x1,256,512,1024,int8:column,int8:column,int32:row
210,21.620,0,Gemm,catlass_gemm_quant_matmul_int8xColumnMajor_int8xColumnMajor_fp16xRowMajor_128x256x128_128x256x64_swizzle3x1,256,512,1024,int8:column,int8:column,int32:row
211,22.380,0,Gemm,catlass_gemm_quant_matmul_int8xColumnMajor_int8xColumnMajor_fp16xRowMajor_128x256x128_128x256x96_swizzle3x1,256,512,1024,int8:column,int8:column,int32:row
212,21.220,0,Gemm,catlass_gemm_quant_matmul_int8xColumnMajor_int8xColumnMajor_fp16xRowMajor_128x256x128_128x256x128_swizzle3x1,256,512,1024,int8:column,int8:column,int32:row
213,24.620,0,Gemm,catlass_gemm_quant_matmul_int8xColumnMajor_int8xColumnMajor_fp16xRowMajor_128x256x160_128x256x32_swizzle3x1,256,512,1024,int8:column,int8:column,int32:row
214,24.440,0,Gemm,catlass_gemm_quant_matmul_int8xColumnMajor_int8xColumnMajor_fp16xRowMajor_128x256x160_128x256x64_swizzle3x1,256,512,1024,int8:column,int8:column,int32:row
215,25.181,0,Gemm,catlass_gemm_quant_matmul_int8xColumnMajor_int8xColumnMajor_fp16xRowMajor_128x256x160_128x256x96_swizzle3x1,256,512,1024,int8:column,int8:column,int32:row
216,24.840,0,Gemm,catlass_gemm_quant_matmul_int8xColumnMajor_int8xColumnMajor_fp16xRowMajor_128x256x160_128x256x128_swizzle3x1,256,512,1024,int8:column,int8:column,int32:row
217,23.780,0,Gemm,catlass_gemm_quant_matmul_int8xColumnMajor_int8xColumnMajor_fp16xRowMajor_128x256x192_128x256x32_swizzle3x1,256,512,1024,int8:column,int8:column,int32:row
218,23.540,0,Gemm,catlass_gemm_quant_matmul_int8xColumnMajor_int8xColumnMajor_fp16xRowMajor_128x256x192_128x256x64_swizzle3x1,256,512,1024,int8:column,int8:column,int32:row
219,23.280,0,Gemm,catlass_gemm_quant_matmul_int8xColumnMajor_int8xColumnMajor_fp16xRowMajor_128x256x192_128x256x96_swizzle3x1,256,512,1024,int8:column,int8:column,int32:row
220,24.420,0,Gemm,catlass_gemm_quant_matmul_int8xColumnMajor_int8xColumnMajor_fp16xRowMajor_128x256x192_128x256x128_swizzle3x1,256,512,1024,int8:column,int8:column,int32:row
221,23.320,0,Gemm,catlass_gemm_quant_matmul_int8xColumnMajor_int8xColumnMajor_fp16xRowMajor_128x256x224_128x256x32_swizzle3x1,256,512,1024,int8:column,int8:column,int32:row
222,25.341,0,Gemm,catlass_gemm_quant_matmul_int8xColumnMajor_int8xColumnMajor_fp16xRowMajor_128x256x224_128x256x64_swizzle3x1,256,512,1024,int8:column,int8:column,int32:row
223,23.060,0,Gemm,catlass_gemm_quant_matmul_int8xColumnMajor_int8xColumnMajor_fp16xRowMajor_128x256x224_128x256x96_swizzle3x1,256,512,1024,int8:column,int8:column,int32:row
224,24.480,0,Gemm,catlass_gemm_quant_matmul_int8xColumnMajor_int8xColumnMajor_fp16xRowMajor_128x256x224_128x256x128_swizzle3x1,256,512,1024,int8:column,int8:column,int32:row
225,20.160,0,Gemm,catlass_gemm_quant_matmul_int8xColumnMajor_int8xColumnMajor_fp16xRowMajor_128x256x256_128x256x32_swizzle3x1,256,512,1024,int8:column,int8:column,int32:row
226,19.180,0,Gemm,catlass_gemm_quant_matmul_int8xColumnMajor_int8xColumnMajor_fp16xRowMajor_128x256x256_128x256x64_swizzle3x1,256,512,1024,int8:column,int8:column,int32:row
227,19.660,0,Gemm,catlass_gemm_quant_matmul_int8xColumnMajor_int8xColumnMajor_fp16xRowMajor_128x256x256_128x256x96_swizzle3x1,256,512,1024,int8:column,int8:column,int32:row
228,21.220,0,Gemm,catlass_gemm_quant_matmul_int8xColumnMajor_int8xColumnMajor_fp16xRowMajor_128x256x256_128x256x128_swizzle3x1,256,512,1024,int8:column,int8:column,int32:row
229,24.220,0,Gemm,catlass_gemm_quant_matmul_int8xColumnMajor_int8xColumnMajor_fp16xRowMajor_128x256x288_128x256x32_swizzle3x1,256,512,1024,int8:column,int8:column,int32:row
230,26.081,0,Gemm,catlass_gemm_quant_matmul_int8xColumnMajor_int8xColumnMajor_fp16xRowMajor_128x256x288_128x256x64_swizzle3x1,256,512,1024,int8:column,int8:column,int32:row
231,23.480,0,Gemm,catlass_gemm_quant_matmul_int8xColumnMajor_int8xColumnMajor_fp16xRowMajor_128x256x288_128x256x96_swizzle3x1,256,512,1024,int8:column,int8:column,int32:row
232,24.480,0,Gemm,catlass_gemm_quant_matmul_int8xColumnMajor_int8xColumnMajor_fp16xRowMajor_128x256x288_128x256x128_swizzle3x1,256,512,1024,int8:column,int8:column,int32:row
233,24.200,0,Gemm,catlass_gemm_quant_matmul_int8xColumnMajor_int8xColumnMajor_fp16xRowMajor_128x256x320_128x256x32_swizzle3x1,256,512,1024,int8:column,int8:column,int32:row
234,23.820,0,Gemm,catlass_gemm_quant_matmul_int8xColumnMajor_int8xColumnMajor_fp16xRowMajor_128x256x320_128x256x64_swizzle3x1,256,512,1024,int8:column,int8:column,int32:row
235,22.960,0,Gemm,catlass_gemm_quant_matmul_int8xColumnMajor_int8xColumnMajor_fp16xRowMajor_128x256x320_128x256x96_swizzle3x1,256,512,1024,int8:column,int8:column,int32:row
236,23.640,0,Gemm,catlass_gemm_quant_matmul_int8xColumnMajor_int8xColumnMajor_fp16xRowMajor_128x256x320_128x256x128_swizzle3x1,256,512,1024,int8:column,int8:column,int32:row
237,22.580,0,Gemm,catlass_gemm_quant_matmul_int8xColumnMajor_int8xColumnMajor_fp16xRowMajor_128x256x352_128x256x32_swizzle3x1,256,512,1024,int8:column,int8:column,int32:row
238,22.280,0,Gemm,catlass_gemm_quant_matmul_int8xColumnMajor_int8xColumnMajor_fp16xRowMajor_128x256x352_128x256x64_swizzle3x1,256,512,1024,int8:column,int8:column,int32:row
239,22.420,0,Gemm,catlass_gemm_quant_matmul_int8xColumnMajor_int8xColumnMajor_fp16xRowMajor_128x256x352_128x256x96_swizzle3x1,256,512,1024,int8:column,int8:column,int32:row
240,23.440,0,Gemm,catlass_gemm_quant_matmul_int8xColumnMajor_int8xColumnMajor_fp16xRowMajor_128x256x352_128x256x128_swizzle3x1,256,512,1024,int8:column,int8:column,int32:row
241,20.720,0,Gemm,catlass_gemm_quant_matmul_int8xColumnMajor_int8xColumnMajor_fp16xRowMajor_128x256x384_128x256x32_swizzle3x1,256,512,1024,int8:column,int8:column,int32:row
242,21.140,0,Gemm,catlass_gemm_quant_matmul_int8xColumnMajor_int8xColumnMajor_fp16xRowMajor_128x256x384_128x256x64_swizzle3x1,256,512,1024,int8:column,int8:column,int32:row
243,21.320,0,Gemm,catlass_gemm_quant_matmul_int8xColumnMajor_int8xColumnMajor_fp16xRowMajor_128x256x384_128x256x96_swizzle3x1,256,512,1024,int8:column,int8:column,int32:row
244,20.780,0,Gemm,catlass_gemm_quant_matmul_int8xColumnMajor_int8xColumnMajor_fp16xRowMajor_128x256x384_128x256x128_swizzle3x1,256,512,1024,int8:column,int8:column,int32:row
245,23.740,0,Gemm,catlass_gemm_quant_matmul_int8xColumnMajor_int8xColumnMajor_fp16xRowMajor_128x256x416_128x256x32_swizzle3x1,256,512,1024,int8:column,int8:column,int32:row
246,24.900,0,Gemm,catlass_gemm_quant_matmul_int8xColumnMajor_int8xColumnMajor_fp16xRowMajor_128x256x416_128x256x64_swizzle3x1,256,512,1024,int8:column,int8:column,int32:row
247,24.120,0,Gemm,catlass_gemm_quant_matmul_int8xColumnMajor_int8xColumnMajor_fp16xRowMajor_128x256x416_128x256x96_swizzle3x1,256,512,1024,int8:column,int8:column,int32:row
248,23.820,0,Gemm,catlass_gemm_quant_matmul_int8xColumnMajor_int8xColumnMajor_fp16xRowMajor_128x256x416_128x256x128_swizzle3x1,256,512,1024,int8:column,int8:column,int32:row
249,23.460,0,Gemm,catlass_gemm_quant_matmul_int8xColumnMajor_int8xColumnMajor_fp16xRowMajor_128x256x448_128x256x32_swizzle3x1,256,512,1024,int8:column,int8:column,int32:row
250,23.180,0,Gemm,catlass_gemm_quant_matmul_int8xColumnMajor_int8xColumnMajor_fp16xRowMajor_128x256x448_128x256x64_swizzle3x1,256,512,1024,int8:column,int8:column,int32:row
251,22.860,0,Gemm,catlass_gemm_quant_matmul_int8xColumnMajor_int8xColumnMajor_fp16xRowMajor_128x256x448_128x256x96_swizzle3x1,256,512,1024,int8:column,int8:column,int32:row
252,23.520,0,Gemm,catlass_gemm_quant_matmul_int8xColumnMajor_int8xColumnMajor_fp16xRowMajor_128x256x448_128x256x128_swizzle3x1,256,512,1024,int8:column,int8:column,int32:row
253,23.960,0,Gemm,catlass_gemm_quant_matmul_int8xColumnMajor_int8xColumnMajor_fp16xRowMajor_128x256x480_128x256x32_swizzle3x1,256,512,1024,int8:column,int8:column,int32:row
254,25.281,0,Gemm,catlass_gemm_quant_matmul_int8xColumnMajor_int8xColumnMajor_fp16xRowMajor_128x256x480_128x256x64_swizzle3x1,256,512,1024,int8:column,int8:column,int32:row
255,24.140,0,Gemm,catlass_gemm_quant_matmul_int8xColumnMajor_int8xColumnMajor_fp16xRowMajor_128x256x480_128x256x96_swizzle3x1,256,512,1024,int8:column,int8:column,int32:row
256,24.840,0,Gemm,catlass_gemm_quant_matmul_int8xColumnMajor_int8xColumnMajor_fp16xRowMajor_128x256x480_128x256x128_swizzle3x1,256,512,1024,int8:column,int8:column,int32:row
257,20.960,0,Gemm,catlass_gemm_quant_matmul_int8xColumnMajor_int8xColumnMajor_fp16xRowMajor_128x256x512_128x256x32_swizzle3x1,256,512,1024,int8:column,int8:column,int32:row
258,20.260,0,Gemm,catlass_gemm_quant_matmul_int8xColumnMajor_int8xColumnMajor_fp16xRowMajor_128x256x512_128x256x64_swizzle3x1,256,512,1024,int8:column,int8:column,int32:row
259,21.180,0,Gemm,catlass_gemm_quant_matmul_int8xColumnMajor_int8xColumnMajor_fp16xRowMajor_128x256x512_128x256x96_swizzle3x1,256,512,1024,int8:column,int8:column,int32:row
260,20.500,0,Gemm,catlass_gemm_quant_matmul_int8xColumnMajor_int8xColumnMajor_fp16xRowMajor_128x256x512_128x256x128_swizzle3x1,256,512,1024,int8:column,int8:column,int32:row
261,24.040,0,Gemm,catlass_gemm_quant_matmul_int8xColumnMajor_int8xColumnMajor_fp16xRowMajor_160x128x128_160x128x32_swizzle3x1,256,512,1024,int8:column,int8:column,int32:row
262,22.740,0,Gemm,catlass_gemm_quant_matmul_int8xColumnMajor_int8xColumnMajor_fp16xRowMajor_160x128x128_160x128x64_swizzle3x1,256,512,1024,int8:column,int8:column,int32:row
263,22.680,0,Gemm,catlass_gemm_quant_matmul_int8xColumnMajor_int8xColumnMajor_fp16xRowMajor_160x128x128_160x128x96_swizzle3x1,256,512,1024,int8:column,int8:column,int32:row
264,26.821,0,Gemm,catlass_gemm_quant_matmul_int8xColumnMajor_int8xColumnMajor_fp16xRowMajor_160x128x160_160x128x32_swizzle3x1,256,512,1024,int8:column,int8:column,int32:row
265,26.081,0,Gemm,catlass_gemm_quant_matmul_int8xColumnMajor_int8xColumnMajor_fp16xRowMajor_160x128x160_160x128x64_swizzle3x1,256,512,1024,int8:column,int8:column,int32:row
266,25.761,0,Gemm,catlass_gemm_quant_matmul_int8xColumnMajor_int8xColumnMajor_fp16xRowMajor_160x128x160_160x128x96_swizzle3x1,256,512,1024,int8:column,int8:column,int32:row
267,26.121,0,Gemm,catlass_gemm_quant_matmul_int8xColumnMajor_int8xColumnMajor_fp16xRowMajor_160x128x192_160x128x32_swizzle3x1,256,512,1024,int8:column,int8:column,int32:row
268,25.081,0,Gemm,catlass_gemm_quant_matmul_int8xColumnMajor_int8xColumnMajor_fp16xRowMajor_160x128x192_160x128x64_swizzle3x1,256,512,1024,int8:column,int8:column,int32:row
269,23.700,0,Gemm,catlass_gemm_quant_matmul_int8xColumnMajor_int8xColumnMajor_fp16xRowMajor_160x128x192_160x128x96_swizzle3x1,256,512,1024,int8:column,int8:column,int32:row
270,25.281,0,Gemm,catlass_gemm_quant_matmul_int8xColumnMajor_int8xColumnMajor_fp16xRowMajor_160x128x224_160x128x32_swizzle3x1,256,512,1024,int8:column,int8:column,int32:row
271,24.840,0,Gemm,catlass_gemm_quant_matmul_int8xColumnMajor_int8xColumnMajor_fp16xRowMajor_160x128x224_160x128x64_swizzle3x1,256,512,1024,int8:column,int8:column,int32:row
272,28.521,0,Gemm,catlass_gemm_quant_matmul_int8xColumnMajor_int8xColumnMajor_fp16xRowMajor_160x128x224_160x128x96_swizzle3x1,256,512,1024,int8:column,int8:column,int32:row
273,24.500,0,Gemm,catlass_gemm_quant_matmul_int8xColumnMajor_int8xColumnMajor_fp16xRowMajor_160x128x256_160x128x32_swizzle3x1,256,512,1024,int8:column,int8:column,int32:row
274,20.360,0,Gemm,catlass_gemm_quant_matmul_int8xColumnMajor_int8xColumnMajor_fp16xRowMajor_160x128x256_160x128x64_swizzle3x1,256,512,1024,int8:column,int8:column,int32:row
275,22.720,0,Gemm,catlass_gemm_quant_matmul_int8xColumnMajor_int8xColumnMajor_fp16xRowMajor_160x128x256_160x128x96_swizzle3x1,256,512,1024,int8:column,int8:column,int32:row
276,25.001,0,Gemm,catlass_gemm_quant_matmul_int8xColumnMajor_int8xColumnMajor_fp16xRowMajor_160x128x288_160x128x32_swizzle3x1,256,512,1024,int8:column,int8:column,int32:row
277,24.040,0,Gemm,catlass_gemm_quant_matmul_int8xColumnMajor_int8xColumnMajor_fp16xRowMajor_160x128x288_160x128x64_swizzle3x1,256,512,1024,int8:column,int8:column,int32:row
278,24.640,0,Gemm,catlass_gemm_quant_matmul_int8xColumnMajor_int8xColumnMajor_fp16xRowMajor_160x128x288_160x128x96_swizzle3x1,256,512,1024,int8:column,int8:column,int32:row
279,25.141,0,Gemm,catlass_gemm_quant_matmul_int8xColumnMajor_int8xColumnMajor_fp16xRowMajor_160x128x320_160x128x32_swizzle3x1,256,512,1024,int8:column,int8:column,int32:row
280,24.420,0,Gemm,catlass_gemm_quant_matmul_int8xColumnMajor_int8xColumnMajor_fp16xRowMajor_160x128x320_160x128x64_swizzle3x1,256,512,1024,int8:column,int8:column,int32:row
281,24.700,0,Gemm,catlass_gemm_quant_matmul_int8xColumnMajor_int8xColumnMajor_fp16xRowMajor_160x128x320_160x128x96_swizzle3x1,256,512,1024,int8:column,int8:column,int32:row
282,25.381,0,Gemm,catlass_gemm_quant_matmul_int8xColumnMajor_int8xColumnMajor_fp16xRowMajor_160x128x352_160x128x32_swizzle3x1,256,512,1024,int8:column,int8:column,int32:row
283,23.360,0,Gemm,catlass_gemm_quant_matmul_int8xColumnMajor_int8xColumnMajor_fp16xRowMajor_160x128x352_160x128x64_swizzle3x1,256,512,1024,int8:column,int8:column,int32:row
284,23.420,0,Gemm,catlass_gemm_quant_matmul_int8xColumnMajor_int8xColumnMajor_fp16xRowMajor_160x128x352_160x128x96_swizzle3x1,256,512,1024,int8:column,int8:column,int32:row
285,22.400,0,Gemm,catlass_gemm_quant_matmul_int8xColumnMajor_int8xColumnMajor_fp16xRowMajor_160x128x384_160x128x32_swizzle3x1,256,512,1024,int8:column,int8:column,int32:row
286,22.880,0,Gemm,catlass_gemm_quant_matmul_int8xColumnMajor_int8xColumnMajor_fp16xRowMajor_160x128x384_160x128x64_swizzle3x1,256,512,1024,int8:column,int8:column,int32:row
287,23.520,0,Gemm,catlass_gemm_quant_matmul_int8xColumnMajor_int8xColumnMajor_fp16xRowMajor_160x128x384_160x128x96_swizzle3x1,256,512,1024,int8:column,int8:column,int32:row
288,24.180,0,Gemm,catlass_gemm_quant_matmul_int8xColumnMajor_int8xColumnMajor_fp16xRowMajor_160x128x416_160x128x32_swizzle3x1,256,512,1024,int8:column,int8:column,int32:row
289,23.720,0,Gemm,catlass_gemm_quant_matmul_int8xColumnMajor_int8xColumnMajor_fp16xRowMajor_160x128x416_160x128x64_swizzle3x1,256,512,1024,int8:column,int8:column,int32:row
290,24.480,0,Gemm,catlass_gemm_quant_matmul_int8xColumnMajor_int8xColumnMajor_fp16xRowMajor_160x128x416_160x128x96_swizzle3x1,256,512,1024,int8:column,int8:column,int32:row
291,24.040,0,Gemm,catlass_gemm_quant_matmul_int8xColumnMajor_int8xColumnMajor_fp16xRowMajor_160x128x448_160x128x32_swizzle3x1,256,512,1024,int8:column,int8:column,int32:row
292,24.100,0,Gemm,catlass_gemm_quant_matmul_int8xColumnMajor_int8xColumnMajor_fp16xRowMajor_160x128x448_160x128x64_swizzle3x1,256,512,1024,int8:column,int8:column,int32:row
293,23.900,0,Gemm,catlass_gemm_quant_matmul_int8xColumnMajor_int8xColumnMajor_fp16xRowMajor_160x128x448_160x128x96_swizzle3x1,256,512,1024,int8:column,int8:column,int32:row
294,24.520,0,Gemm,catlass_gemm_quant_matmul_int8xColumnMajor_int8xColumnMajor_fp16xRowMajor_160x128x480_160x128x32_swizzle3x1,256,512,1024,int8:column,int8:column,int32:row
295,25.481,0,Gemm,catlass_gemm_quant_matmul_int8xColumnMajor_int8xColumnMajor_fp16xRowMajor_160x128x480_160x128x64_swizzle3x1,256,512,1024,int8:column,int8:column,int32:row
296,25.081,0,Gemm,catlass_gemm_quant_matmul_int8xColumnMajor_int8xColumnMajor_fp16xRowMajor_160x128x480_160x128x96_swizzle3x1,256,512,1024,int8:column,int8:column,int32:row
297,23.520,0,Gemm,catlass_gemm_quant_matmul_int8xColumnMajor_int8xColumnMajor_fp16xRowMajor_160x128x512_160x128x32_swizzle3x1,256,512,1024,int8:column,int8:column,int32:row
298,23.280,0,Gemm,catlass_gemm_quant_matmul_int8xColumnMajor_int8xColumnMajor_fp16xRowMajor_160x128x512_160x128x64_swizzle3x1,256,512,1024,int8:column,int8:column,int32:row
299,26.281,0,Gemm,catlass_gemm_quant_matmul_int8xColumnMajor_int8xColumnMajor_fp16xRowMajor_160x128x512_160x128x96_swizzle3x1,256,512,1024,int8:column,int8:column,int32:row
300,27.461,0,Gemm,catlass_gemm_quant_matmul_int8xColumnMajor_int8xColumnMajor_fp16xRowMajor_160x160x128_160x160x32_swizzle3x1,256,512,1024,int8:column,int8:column,int32:row
301,26.961,0,Gemm,catlass_gemm_quant_matmul_int8xColumnMajor_int8xColumnMajor_fp16xRowMajor_160x160x128_160x160x64_swizzle3x1,256,512,1024,int8:column,int8:column,int32:row
302,27.361,0,Gemm,catlass_gemm_quant_matmul_int8xColumnMajor_int8xColumnMajor_fp16xRowMajor_160x160x128_160x160x96_swizzle3x1,256,512,1024,int8:column,int8:column,int32:row
303,29.481,0,Gemm,catlass_gemm_quant_matmul_int8xColumnMajor_int8xColumnMajor_fp16xRowMajor_160x160x160_160x160x32_swizzle3x1,256,512,1024,int8:column,int8:column,int32:row
304,29.761,0,Gemm,catlass_gemm_quant_matmul_int8xColumnMajor_int8xColumnMajor_fp16xRowMajor_160x160x160_160x160x64_swizzle3x1,256,512,1024,int8:column,int8:column,int32:row
305,29.101,0,Gemm,catlass_gemm_quant_matmul_int8xColumnMajor_int8xColumnMajor_fp16xRowMajor_160x160x160_160x160x96_swizzle3x1,256,512,1024,int8:column,int8:column,int32:row
306,28.561,0,Gemm,catlass_gemm_quant_matmul_int8xColumnMajor_int8xColumnMajor_fp16xRowMajor_160x160x192_160x160x32_swizzle3x1,256,512,1024,int8:column,int8:column,int32:row
307,29.281,0,Gemm,catlass_gemm_quant_matmul_int8xColumnMajor_int8xColumnMajor_fp16xRowMajor_160x160x192_160x160x64_swizzle3x1,256,512,1024,int8:column,int8:column,int32:row
308,28.841,0,Gemm,catlass_gemm_quant_matmul_int8xColumnMajor_int8xColumnMajor_fp16xRowMajor_160x160x192_160x160x96_swizzle3x1,256,512,1024,int8:column,int8:column,int32:row
309,28.361,0,Gemm,catlass_gemm_quant_matmul_int8xColumnMajor_int8xColumnMajor_fp16xRowMajor_160x160x224_160x160x32_swizzle3x1,256,512,1024,int8:column,int8:column,int32:row
310,29.341,0,Gemm,catlass_gemm_quant_matmul_int8xColumnMajor_int8xColumnMajor_fp16xRowMajor_160x160x224_160x160x64_swizzle3x1,256,512,1024,int8:column,int8:column,int32:row
311,28.841,0,Gemm,catlass_gemm_quant_matmul_int8xColumnMajor_int8xColumnMajor_fp16xRowMajor_160x160x224_160x160x96_swizzle3x1,256,512,1024,int8:column,int8:column,int32:row
312,26.161,0,Gemm,catlass_gemm_quant_matmul_int8xColumnMajor_int8xColumnMajor_fp16xRowMajor_160x160x256_160x160x32_swizzle3x1,256,512,1024,int8:column,int8:column,int32:row
313,26.881,0,Gemm,catlass_gemm_quant_matmul_int8xColumnMajor_int8xColumnMajor_fp16xRowMajor_160x160x256_160x160x64_swizzle3x1,256,512,1024,int8:column,int8:column,int32:row
314,26.401,0,Gemm,catlass_gemm_quant_matmul_int8xColumnMajor_int8xColumnMajor_fp16xRowMajor_160x160x256_160x160x96_swizzle3x1,256,512,1024,int8:column,int8:column,int32:row
315,27.601,0,Gemm,catlass_gemm_quant_matmul_int8xColumnMajor_int8xColumnMajor_fp16xRowMajor_160x160x288_160x160x32_swizzle3x1,256,512,1024,int8:column,int8:column,int32:row
316,29.101,0,Gemm,catlass_gemm_quant_matmul_int8xColumnMajor_int8xColumnMajor_fp16xRowMajor_160x160x288_160x160x64_swizzle3x1,256,512,1024,int8:column,int8:column,int32:row
317,29.021,0,Gemm,catlass_gemm_quant_matmul_int8xColumnMajor_int8xColumnMajor_fp16xRowMajor_160x160x288_160x160x96_swizzle3x1,256,512,1024,int8:column,int8:column,int32:row
318,28.301,0,Gemm,catlass_gemm_quant_matmul_int8xColumnMajor_int8xColumnMajor_fp16xRowMajor_160x160x320_160x160x32_swizzle3x1,256,512,1024,int8:column,int8:column,int32:row
319,28.661,0,Gemm,catlass_gemm_quant_matmul_int8xColumnMajor_int8xColumnMajor_fp16xRowMajor_160x160x320_160x160x64_swizzle3x1,256,512,1024,int8:column,int8:column,int32:row
320,28.601,0,Gemm,catlass_gemm_quant_matmul_int8xColumnMajor_int8xColumnMajor_fp16xRowMajor_160x160x320_160x160x96_swizzle3x1,256,512,1024,int8:column,int8:column,int32:row
321,28.121,0,Gemm,catlass_gemm_quant_matmul_int8xColumnMajor_int8xColumnMajor_fp16xRowMajor_160x160x352_160x160x32_swizzle3x1,256,512,1024,int8:column,int8:column,int32:row
322,30.961,0,Gemm,catlass_gemm_quant_matmul_int8xColumnMajor_int8xColumnMajor_fp16xRowMajor_160x160x352_160x160x64_swizzle3x1,256,512,1024,int8:column,int8:column,int32:row
323,29.061,0,Gemm,catlass_gemm_quant_matmul_int8xColumnMajor_int8xColumnMajor_fp16xRowMajor_160x160x352_160x160x96_swizzle3x1,256,512,1024,int8:column,int8:column,int32:row
324,26.581,0,Gemm,catlass_gemm_quant_matmul_int8xColumnMajor_int8xColumnMajor_fp16xRowMajor_160x160x384_160x160x32_swizzle3x1,256,512,1024,int8:column,int8:column,int32:row
325,26.881,0,Gemm,catlass_gemm_quant_matmul_int8xColumnMajor_int8xColumnMajor_fp16xRowMajor_160x160x384_160x160x64_swizzle3x1,256,512,1024,int8:column,int8:column,int32:row
326,27.501,0,Gemm,catlass_gemm_quant_matmul_int8xColumnMajor_int8xColumnMajor_fp16xRowMajor_160x160x384_160x160x96_swizzle3x1,256,512,1024,int8:column,int8:column,int32:row
327,28.301,0,Gemm,catlass_gemm_quant_matmul_int8xColumnMajor_int8xColumnMajor_fp16xRowMajor_160x160x416_160x160x32_swizzle3x1,256,512,1024,int8:column,int8:column,int32:row
328,27.101,0,Gemm,catlass_gemm_quant_matmul_int8xColumnMajor_int8xColumnMajor_fp16xRowMajor_160x160x416_160x160x64_swizzle3x1,256,512,1024,int8:column,int8:column,int32:row
329,27.481,0,Gemm,catlass_gemm_quant_matmul_int8xColumnMajor_int8xColumnMajor_fp16xRowMajor_160x160x416_160x160x96_swizzle3x1,256,512,1024,int8:column,int8:column,int32:row
330,28.441,0,Gemm,catlass_gemm_quant_matmul_int8xColumnMajor_int8xColumnMajor_fp16xRowMajor_160x160x448_160x160x32_swizzle3x1,256,512,1024,int8:column,int8:column,int32:row
331,28.101,0,Gemm,catlass_gemm_quant_matmul_int8xColumnMajor_int8xColumnMajor_fp16xRowMajor_160x160x448_160x160x64_swizzle3x1,256,512,1024,int8:column,int8:column,int32:row
332,27.761,0,Gemm,catlass_gemm_quant_matmul_int8xColumnMajor_int8xColumnMajor_fp16xRowMajor_160x160x448_160x160x96_swizzle3x1,256,512,1024,int8:column,int8:column,int32:row
333,28.921,0,Gemm,catlass_gemm_quant_matmul_int8xColumnMajor_int8xColumnMajor_fp16xRowMajor_160x160x480_160x160x32_swizzle3x1,256,512,1024,int8:column,int8:column,int32:row
334,28.061,0,Gemm,catlass_gemm_quant_matmul_int8xColumnMajor_int8xColumnMajor_fp16xRowMajor_160x160x480_160x160x64_swizzle3x1,256,512,1024,int8:column,int8:column,int32:row
335,28.601,0,Gemm,catlass_gemm_quant_matmul_int8xColumnMajor_int8xColumnMajor_fp16xRowMajor_160x160x480_160x160x96_swizzle3x1,256,512,1024,int8:column,int8:column,int32:row
336,26.521,0,Gemm,catlass_gemm_quant_matmul_int8xColumnMajor_int8xColumnMajor_fp16xRowMajor_160x160x512_160x160x32_swizzle3x1,256,512,1024,int8:column,int8:column,int32:row
337,25.261,0,Gemm,catlass_gemm_quant_matmul_int8xColumnMajor_int8xColumnMajor_fp16xRowMajor_160x160x512_160x160x64_swizzle3x1,256,512,1024,int8:column,int8:column,int32:row
338,27.821,0,Gemm,catlass_gemm_quant_matmul_int8xColumnMajor_int8xColumnMajor_fp16xRowMajor_160x160x512_160x160x96_swizzle3x1,256,512,1024,int8:column,int8:column,int32:row
339,25.821,0,Gemm,catlass_gemm_quant_matmul_int8xColumnMajor_int8xColumnMajor_fp16xRowMajor_160x192x128_160x192x32_swizzle3x1,256,512,1024,int8:column,int8:column,int32:row
340,25.801,0,Gemm,catlass_gemm_quant_matmul_int8xColumnMajor_int8xColumnMajor_fp16xRowMajor_160x192x128_160x192x64_swizzle3x1,256,512,1024,int8:column,int8:column,int32:row
341,27.101,0,Gemm,catlass_gemm_quant_matmul_int8xColumnMajor_int8xColumnMajor_fp16xRowMajor_160x192x128_160x192x96_swizzle3x1,256,512,1024,int8:column,int8:column,int32:row
342,28.261,0,Gemm,catlass_gemm_quant_matmul_int8xColumnMajor_int8xColumnMajor_fp16xRowMajor_160x192x160_160x192x32_swizzle3x1,256,512,1024,int8:column,int8:column,int32:row
343,28.301,0,Gemm,catlass_gemm_quant_matmul_int8xColumnMajor_int8xColumnMajor_fp16xRowMajor_160x192x160_160x192x64_swizzle3x1,256,512,1024,int8:column,int8:column,int32:row
344,27.741,0,Gemm,catlass_gemm_quant_matmul_int8xColumnMajor_int8xColumnMajor_fp16xRowMajor_160x192x160_160x192x96_swizzle3x1,256,512,1024,int8:column,int8:column,int32:row
345,28.501,0,Gemm,catlass_gemm_quant_matmul_int8xColumnMajor_int8xColumnMajor_fp16xRowMajor_160x192x192_160x192x32_swizzle3x1,256,512,1024,int8:column,int8:column,int32:row
346,27.841,0,Gemm,catlass_gemm_quant_matmul_int8xColumnMajor_int8xColumnMajor_fp16xRowMajor_160x192x192_160x192x64_swizzle3x1,256,512,1024,int8:column,int8:column,int32:row
347,28.301,0,Gemm,catlass_gemm_quant_matmul_int8xColumnMajor_int8xColumnMajor_fp16xRowMajor_160x192x192_160x192x96_swizzle3x1,256,512,1024,int8:column,int8:column,int32:row
348,28.501,0,Gemm,catlass_gemm_quant_matmul_int8xColumnMajor_int8xColumnMajor_fp16xRowMajor_160x192x224_160x192x32_swizzle3x1,256,512,1024,int8:column,int8:column,int32:row
349,28.701,0,Gemm,catlass_gemm_quant_matmul_int8xColumnMajor_int8xColumnMajor_fp16xRowMajor_160x192x224_160x192x64_swizzle3x1,256,512,1024,int8:column,int8:column,int32:row
350,29.501,0,Gemm,catlass_gemm_quant_matmul_int8xColumnMajor_int8xColumnMajor_fp16xRowMajor_160x192x224_160x192x96_swizzle3x1,256,512,1024,int8:column,int8:column,int32:row
351,25.421,0,Gemm,catlass_gemm_quant_matmul_int8xColumnMajor_int8xColumnMajor_fp16xRowMajor_160x192x256_160x192x32_swizzle3x1,256,512,1024,int8:column,int8:column,int32:row
352,25.601,0,Gemm,catlass_gemm_quant_matmul_int8xColumnMajor_int8xColumnMajor_fp16xRowMajor_160x192x256_160x192x64_swizzle3x1,256,512,1024,int8:column,int8:column,int32:row
353,24.040,0,Gemm,catlass_gemm_quant_matmul_int8xColumnMajor_int8xColumnMajor_fp16xRowMajor_160x192x256_160x192x96_swizzle3x1,256,512,1024,int8:column,int8:column,int32:row
354,27.701,0,Gemm,catlass_gemm_quant_matmul_int8xColumnMajor_int8xColumnMajor_fp16xRowMajor_160x192x288_160x192x32_swizzle3x1,256,512,1024,int8:column,int8:column,int32:row
355,27.261,0,Gemm,catlass_gemm_quant_matmul_int8xColumnMajor_int8xColumnMajor_fp16xRowMajor_160x192x288_160x192x64_swizzle3x1,256,512,1024,int8:column,int8:column,int32:row
356,27.321,0,Gemm,catlass_gemm_quant_matmul_int8xColumnMajor_int8xColumnMajor_fp16xRowMajor_160x192x288_160x192x96_swizzle3x1,256,512,1024,int8:column,int8:column,int32:row
357,28.081,0,Gemm,catlass_gemm_quant_matmul_int8xColumnMajor_int8xColumnMajor_fp16xRowMajor_160x192x320_160x192x32_swizzle3x1,256,512,1024,int8:column,int8:column,int32:row
358,27.161,0,Gemm,catlass_gemm_quant_matmul_int8xColumnMajor_int8xColumnMajor_fp16xRowMajor_160x192x320_160x192x64_swizzle3x1,256,512,1024,int8:column,int8:column,int32:row
359,27.261,0,Gemm,catlass_gemm_quant_matmul_int8xColumnMajor_int8xColumnMajor_fp16xRowMajor_160x192x320_160x192x96_swizzle3x1,256,512,1024,int8:column,int8:column,int32:row
360,26.921,0,Gemm,catlass_gemm_quant_matmul_int8xColumnMajor_int8xColumnMajor_fp16xRowMajor_160x192x352_160x192x32_swizzle3x1,256,512,1024,int8:column,int8:column,int32:row
361,26.281,0,Gemm,catlass_gemm_quant_matmul_int8xColumnMajor_int8xColumnMajor_fp16xRowMajor_160x192x352_160x192x64_swizzle3x1,256,512,1024,int8:column,int8:column,int32:row
362,26.861,0,Gemm,catlass_gemm_quant_matmul_int8xColumnMajor_int8xColumnMajor_fp16xRowMajor_160x192x352_160x192x96_swizzle3x1,256,512,1024,int8:column,int8:column,int32:row
363,24.860,0,Gemm,catlass_gemm_quant_matmul_int8xColumnMajor_int8xColumnMajor_fp16xRowMajor_160x192x384_160x192x32_swizzle3x1,256,512,1024,int8:column,int8:column,int32:row
364,27.441,0,Gemm,catlass_gemm_quant_matmul_int8xColumnMajor_int8xColumnMajor_fp16xRowMajor_160x192x384_160x192x64_swizzle3x1,256,512,1024,int8:column,int8:column,int32:row
365,24.480,0,Gemm,catlass_gemm_quant_matmul_int8xColumnMajor_int8xColumnMajor_fp16xRowMajor_160x192x384_160x192x96_swizzle3x1,256,512,1024,int8:column,int8:column,int32:row
366,26.901,0,Gemm,catlass_gemm_quant_matmul_int8xColumnMajor_int8xColumnMajor_fp16xRowMajor_160x192x416_160x192x32_swizzle3x1,256,512,1024,int8:column,int8:column,int32:row
367,26.821,0,Gemm,catlass_gemm_quant_matmul_int8xColumnMajor_int8xColumnMajor_fp16xRowMajor_160x192x416_160x192x64_swizzle3x1,256,512,1024,int8:column,int8:column,int32:row
368,26.561,0,Gemm,catlass_gemm_quant_matmul_int8xColumnMajor_int8xColumnMajor_fp16xRowMajor_160x192x416_160x192x96_swizzle3x1,256,512,1024,int8:column,int8:column,int32:row
369,27.401,0,Gemm,catlass_gemm_quant_matmul_int8xColumnMajor_int8xColumnMajor_fp16xRowMajor_160x192x448_160x192x32_swizzle3x1,256,512,1024,int8:column,int8:column,int32:row
370,26.081,0,Gemm,catlass_gemm_quant_matmul_int8xColumnMajor_int8xColumnMajor_fp16xRowMajor_160x192x448_160x192x64_swizzle3x1,256,512,1024,int8:column,int8:column,int32:row
371,26.981,0,Gemm,catlass_gemm_quant_matmul_int8xColumnMajor_int8xColumnMajor_fp16xRowMajor_160x192x448_160x192x96_swizzle3x1,256,512,1024,int8:column,int8:column,int32:row
372,27.741,0,Gemm,catlass_gemm_quant_matmul_int8xColumnMajor_int8xColumnMajor_fp16xRowMajor_160x192x480_160x192x32_swizzle3x1,256,512,1024,int8:column,int8:column,int32:row
373,27.221,0,Gemm,catlass_gemm_quant_matmul_int8xColumnMajor_int8xColumnMajor_fp16xRowMajor_160x192x480_160x192x64_swizzle3x1,256,512,1024,int8:column,int8:column,int32:row
374,27.301,0,Gemm,catlass_gemm_quant_matmul_int8xColumnMajor_int8xColumnMajor_fp16xRowMajor_160x192x480_160x192x96_swizzle3x1,256,512,1024,int8:column,int8:column,int32:row
375,25.561,0,Gemm,catlass_gemm_quant_matmul_int8xColumnMajor_int8xColumnMajor_fp16xRowMajor_160x192x512_160x192x32_swizzle3x1,256,512,1024,int8:column,int8:column,int32:row
376,25.141,0,Gemm,catlass_gemm_quant_matmul_int8xColumnMajor_int8xColumnMajor_fp16xRowMajor_160x192x512_160x192x64_swizzle3x1,256,512,1024,int8:column,int8:column,int32:row
377,25.181,0,Gemm,catlass_gemm_quant_matmul_int8xColumnMajor_int8xColumnMajor_fp16xRowMajor_160x192x512_160x192x96_swizzle3x1,256,512,1024,int8:column,int8:column,int32:row
378,24.740,0,Gemm,catlass_gemm_quant_matmul_int8xColumnMajor_int8xColumnMajor_fp16xRowMajor_192x128x128_192x128x32_swizzle3x1,256,512,1024,int8:column,int8:column,int32:row
379,22.880,0,Gemm,catlass_gemm_quant_matmul_int8xColumnMajor_int8xColumnMajor_fp16xRowMajor_192x128x128_192x128x64_swizzle3x1,256,512,1024,int8:column,int8:column,int32:row
380,25.681,0,Gemm,catlass_gemm_quant_matmul_int8xColumnMajor_int8xColumnMajor_fp16xRowMajor_192x128x160_192x128x32_swizzle3x1,256,512,1024,int8:column,int8:column,int32:row
381,26.041,0,Gemm,catlass_gemm_quant_matmul_int8xColumnMajor_int8xColumnMajor_fp16xRowMajor_192x128x160_192x128x64_swizzle3x1,256,512,1024,int8:column,int8:column,int32:row
382,24.960,0,Gemm,catlass_gemm_quant_matmul_int8xColumnMajor_int8xColumnMajor_fp16xRowMajor_192x128x192_192x128x32_swizzle3x1,256,512,1024,int8:column,int8:column,int32:row
383,24.680,0,Gemm,catlass_gemm_quant_matmul_int8xColumnMajor_int8xColumnMajor_fp16xRowMajor_192x128x192_192x128x64_swizzle3x1,256,512,1024,int8:column,int8:column,int32:row
384,25.441,0,Gemm,catlass_gemm_quant_matmul_int8xColumnMajor_int8xColumnMajor_fp16xRowMajor_192x128x224_192x128x32_swizzle3x1,256,512,1024,int8:column,int8:column,int32:row
385,24.560,0,Gemm,catlass_gemm_quant_matmul_int8xColumnMajor_int8xColumnMajor_fp16xRowMajor_192x128x224_192x128x64_swizzle3x1,256,512,1024,int8:column,int8:column,int32:row
386,22.980,0,Gemm,catlass_gemm_quant_matmul_int8xColumnMajor_int8xColumnMajor_fp16xRowMajor_192x128x256_192x128x32_swizzle3x1,256,512,1024,int8:column,int8:column,int32:row
387,22.920,0,Gemm,catlass_gemm_quant_matmul_int8xColumnMajor_int8xColumnMajor_fp16xRowMajor_192x128x256_192x128x64_swizzle3x1,256,512,1024,int8:column,int8:column,int32:row
388,25.501,0,Gemm,catlass_gemm_quant_matmul_int8xColumnMajor_int8xColumnMajor_fp16xRowMajor_192x128x288_192x128x32_swizzle3x1,256,512,1024,int8:column,int8:column,int32:row
389,24.320,0,Gemm,catlass_gemm_quant_matmul_int8xColumnMajor_int8xColumnMajor_fp16xRowMajor_192x128x288_192x128x64_swizzle3x1,256,512,1024,int8:column,int8:column,int32:row
390,24.840,0,Gemm,catlass_gemm_quant_matmul_int8xColumnMajor_int8xColumnMajor_fp16xRowMajor_192x128x320_192x128x32_swizzle3x1,256,512,1024,int8:column,int8:column,int32:row
391,25.701,0,Gemm,catlass_gemm_quant_matmul_int8xColumnMajor_int8xColumnMajor_fp16xRowMajor_192x128x320_192x128x64_swizzle3x1,256,512,1024,int8:column,int8:column,int32:row
392,25.221,0,Gemm,catlass_gemm_quant_matmul_int8xColumnMajor_int8xColumnMajor_fp16xRowMajor_192x128x352_192x128x32_swizzle3x1,256,512,1024,int8:column,int8:column,int32:row
393,25.101,0,Gemm,catlass_gemm_quant_matmul_int8xColumnMajor_int8xColumnMajor_fp16xRowMajor_192x128x352_192x128x64_swizzle3x1,256,512,1024,int8:column,int8:column,int32:row
394,24.260,0,Gemm,catlass_gemm_quant_matmul_int8xColumnMajor_int8xColumnMajor_fp16xRowMajor_192x128x384_192x128x32_swizzle3x1,256,512,1024,int8:column,int8:column,int32:row
395,24.280,0,Gemm,catlass_gemm_quant_matmul_int8xColumnMajor_int8xColumnMajor_fp16xRowMajor_192x128x384_192x128x64_swizzle3x1,256,512,1024,int8:column,int8:column,int32:row
396,23.600,0,Gemm,catlass_gemm_quant_matmul_int8xColumnMajor_int8xColumnMajor_fp16xRowMajor_192x128x416_192x128x32_swizzle3x1,256,512,1024,int8:column,int8:column,int32:row
397,24.120,0,Gemm,catlass_gemm_quant_matmul_int8xColumnMajor_int8xColumnMajor_fp16xRowMajor_192x128x416_192x128x64_swizzle3x1,256,512,1024,int8:column,int8:column,int32:row
398,24.640,0,Gemm,catlass_gemm_quant_matmul_int8xColumnMajor_int8xColumnMajor_fp16xRowMajor_192x128x448_192x128x32_swizzle3x1,256,512,1024,int8:column,int8:column,int32:row
399,23.760,0,Gemm,catlass_gemm_quant_matmul_int8xColumnMajor_int8xColumnMajor_fp16xRowMajor_192x128x448_192x128x64_swizzle3x1,256,512,1024,int8:column,int8:column,int32:row
400,26.081,0,Gemm,catlass_gemm_quant_matmul_int8xColumnMajor_int8xColumnMajor_fp16xRowMajor_192x128x480_192x128x32_swizzle3x1,256,512,1024,int8:column,int8:column,int32:row
401,25.521,0,Gemm,catlass_gemm_quant_matmul_int8xColumnMajor_int8xColumnMajor_fp16xRowMajor_192x128x480_192x128x64_swizzle3x1,256,512,1024,int8:column,int8:column,int32:row
402,24.540,0,Gemm,catlass_gemm_quant_matmul_int8xColumnMajor_int8xColumnMajor_fp16xRowMajor_192x128x512_192x128x32_swizzle3x1,256,512,1024,int8:column,int8:column,int32:row
403,22.520,0,Gemm,catlass_gemm_quant_matmul_int8xColumnMajor_int8xColumnMajor_fp16xRowMajor_192x128x512_192x128x64_swizzle3x1,256,512,1024,int8:column,int8:column,int32:row
404,27.981,0,Gemm,catlass_gemm_quant_matmul_int8xColumnMajor_int8xColumnMajor_fp16xRowMajor_192x160x128_192x160x32_swizzle3x1,256,512,1024,int8:column,int8:column,int32:row
405,28.321,0,Gemm,catlass_gemm_quant_matmul_int8xColumnMajor_int8xColumnMajor_fp16xRowMajor_192x160x128_192x160x64_swizzle3x1,256,512,1024,int8:column,int8:column,int32:row
406,30.261,0,Gemm,catlass_gemm_quant_matmul_int8xColumnMajor_int8xColumnMajor_fp16xRowMajor_192x160x160_192x160x32_swizzle3x1,256,512,1024,int8:column,int8:column,int32:row
407,30.361,0,Gemm,catlass_gemm_quant_matmul_int8xColumnMajor_int8xColumnMajor_fp16xRowMajor_192x160x160_192x160x64_swizzle3x1,256,512,1024,int8:column,int8:column,int32:row
408,29.821,0,Gemm,catlass_gemm_quant_matmul_int8xColumnMajor_int8xColumnMajor_fp16xRowMajor_192x160x192_192x160x32_swizzle3x1,256,512,1024,int8:column,int8:column,int32:row
409,30.921,0,Gemm,catlass_gemm_quant_matmul_int8xColumnMajor_int8xColumnMajor_fp16xRowMajor_192x160x192_192x160x64_swizzle3x1,256,512,1024,int8:column,int8:column,int32:row
410,29.921,0,Gemm,catlass_gemm_quant_matmul_int8xColumnMajor_int8xColumnMajor_fp16xRowMajor_192x160x224_192x160x32_swizzle3x1,256,512,1024,int8:column,int8:column,int32:row
411,28.961,0,Gemm,catlass_gemm_quant_matmul_int8xColumnMajor_int8xColumnMajor_fp16xRowMajor_192x160x224_192x160x64_swizzle3x1,256,512,1024,int8:column,int8:column,int32:row
412,27.381,0,Gemm,catlass_gemm_quant_matmul_int8xColumnMajor_int8xColumnMajor_fp16xRowMajor_192x160x256_192x160x32_swizzle3x1,256,512,1024,int8:column,int8:column,int32:row
413,27.481,0,Gemm,catlass_gemm_quant_matmul_int8xColumnMajor_int8xColumnMajor_fp16xRowMajor_192x160x256_192x160x64_swizzle3x1,256,512,1024,int8:column,int8:column,int32:row
414,29.381,0,Gemm,catlass_gemm_quant_matmul_int8xColumnMajor_int8xColumnMajor_fp16xRowMajor_192x160x288_192x160x32_swizzle3x1,256,512,1024,int8:column,int8:column,int32:row
415,30.561,0,Gemm,catlass_gemm_quant_matmul_int8xColumnMajor_int8xColumnMajor_fp16xRowMajor_192x160x288_192x160x64_swizzle3x1,256,512,1024,int8:column,int8:column,int32:row
416,28.521,0,Gemm,catlass_gemm_quant_matmul_int8xColumnMajor_int8xColumnMajor_fp16xRowMajor_192x160x320_192x160x32_swizzle3x1,256,512,1024,int8:column,int8:column,int32:row
417,29.881,0,Gemm,catlass_gemm_quant_matmul_int8xColumnMajor_int8xColumnMajor_fp16xRowMajor_192x160x320_192x160x64_swizzle3x1,256,512,1024,int8:column,int8:column,int32:row
418,28.501,0,Gemm,catlass_gemm_quant_matmul_int8xColumnMajor_int8xColumnMajor_fp16xRowMajor_192x160x352_192x160x32_swizzle3x1,256,512,1024,int8:column,int8:column,int32:row
419,27.821,0,Gemm,catlass_gemm_quant_matmul_int8xColumnMajor_int8xColumnMajor_fp16xRowMajor_192x160x352_192x160x64_swizzle3x1,256,512,1024,int8:column,int8:column,int32:row
420,27.621,0,Gemm,catlass_gemm_quant_matmul_int8xColumnMajor_int8xColumnMajor_fp16xRowMajor_192x160x384_192x160x32_swizzle3x1,256,512,1024,int8:column,int8:column,int32:row
421,27.821,0,Gemm,catlass_gemm_quant_matmul_int8xColumnMajor_int8xColumnMajor_fp16xRowMajor_192x160x384_192x160x64_swizzle3x1,256,512,1024,int8:column,int8:column,int32:row
422,29.101,0,Gemm,catlass_gemm_quant_matmul_int8xColumnMajor_int8xColumnMajor_fp16xRowMajor_192x160x416_192x160x32_swizzle3x1,256,512,1024,int8:column,int8:column,int32:row
423,28.701,0,Gemm,catlass_gemm_quant_matmul_int8xColumnMajor_int8xColumnMajor_fp16xRowMajor_192x160x416_192x160x64_swizzle3x1,256,512,1024,int8:column,int8:column,int32:row
424,28.441,0,Gemm,catlass_gemm_quant_matmul_int8xColumnMajor_int8xColumnMajor_fp16xRowMajor_192x160x448_192x160x32_swizzle3x1,256,512,1024,int8:column,int8:column,int32:row
425,28.121,0,Gemm,catlass_gemm_quant_matmul_int8xColumnMajor_int8xColumnMajor_fp16xRowMajor_192x160x448_192x160x64_swizzle3x1,256,512,1024,int8:column,int8:column,int32:row
426,29.601,0,Gemm,catlass_gemm_quant_matmul_int8xColumnMajor_int8xColumnMajor_fp16xRowMajor_192x160x480_192x160x32_swizzle3x1,256,512,1024,int8:column,int8:column,int32:row
427,29.501,0,Gemm,catlass_gemm_quant_matmul_int8xColumnMajor_int8xColumnMajor_fp16xRowMajor_192x160x480_192x160x64_swizzle3x1,256,512,1024,int8:column,int8:column,int32:row
428,27.061,0,Gemm,catlass_gemm_quant_matmul_int8xColumnMajor_int8xColumnMajor_fp16xRowMajor_192x160x512_192x160x32_swizzle3x1,256,512,1024,int8:column,int8:column,int32:row
429,26.941,0,Gemm,catlass_gemm_quant_matmul_int8xColumnMajor_int8xColumnMajor_fp16xRowMajor_192x160x512_192x160x64_swizzle3x1,256,512,1024,int8:column,int8:column,int32:row
430,25.081,0,Gemm,catlass_gemm_quant_matmul_int8xColumnMajor_int8xColumnMajor_fp16xRowMajor_224x128x128_224x128x32_swizzle3x1,256,512,1024,int8:column,int8:column,int32:row
431,24.880,0,Gemm,catlass_gemm_quant_matmul_int8xColumnMajor_int8xColumnMajor_fp16xRowMajor_224x128x128_224x128x64_swizzle3x1,256,512,1024,int8:column,int8:column,int32:row
432,26.701,0,Gemm,catlass_gemm_quant_matmul_int8xColumnMajor_int8xColumnMajor_fp16xRowMajor_224x128x160_224x128x32_swizzle3x1,256,512,1024,int8:column,int8:column,int32:row
433,25.841,0,Gemm,catlass_gemm_quant_matmul_int8xColumnMajor_int8xColumnMajor_fp16xRowMajor_224x128x160_224x128x64_swizzle3x1,256,512,1024,int8:column,int8:column,int32:row
434,25.301,0,Gemm,catlass_gemm_quant_matmul_int8xColumnMajor_int8xColumnMajor_fp16xRowMajor_224x128x192_224x128x32_swizzle3x1,256,512,1024,int8:column,int8:column,int32:row
435,26.441,0,Gemm,catlass_gemm_quant_matmul_int8xColumnMajor_int8xColumnMajor_fp16xRowMajor_224x128x192_224x128x64_swizzle3x1,256,512,1024,int8:column,int8:column,int32:row
436,25.201,0,Gemm,catlass_gemm_quant_matmul_int8xColumnMajor_int8xColumnMajor_fp16xRowMajor_224x128x224_224x128x32_swizzle3x1,256,512,1024,int8:column,int8:column,int32:row
437,28.521,0,Gemm,catlass_gemm_quant_matmul_int8xColumnMajor_int8xColumnMajor_fp16xRowMajor_224x128x224_224x128x64_swizzle3x1,256,512,1024,int8:column,int8:column,int32:row
438,23.580,0,Gemm,catlass_gemm_quant_matmul_int8xColumnMajor_int8xColumnMajor_fp16xRowMajor_224x128x256_224x128x32_swizzle3x1,256,512,1024,int8:column,int8:column,int32:row
439,24.700,0,Gemm,catlass_gemm_quant_matmul_int8xColumnMajor_int8xColumnMajor_fp16xRowMajor_224x128x256_224x128x64_swizzle3x1,256,512,1024,int8:column,int8:column,int32:row
440,26.141,0,Gemm,catlass_gemm_quant_matmul_int8xColumnMajor_int8xColumnMajor_fp16xRowMajor_224x128x288_224x128x32_swizzle3x1,256,512,1024,int8:column,int8:column,int32:row
441,25.581,0,Gemm,catlass_gemm_quant_matmul_int8xColumnMajor_int8xColumnMajor_fp16xRowMajor_224x128x288_224x128x64_swizzle3x1,256,512,1024,int8:column,int8:column,int32:row
442,27.521,0,Gemm,catlass_gemm_quant_matmul_int8xColumnMajor_int8xColumnMajor_fp16xRowMajor_224x128x320_224x128x32_swizzle3x1,256,512,1024,int8:column,int8:column,int32:row
443,25.581,0,Gemm,catlass_gemm_quant_matmul_int8xColumnMajor_int8xColumnMajor_fp16xRowMajor_224x128x320_224x128x64_swizzle3x1,256,512,1024,int8:column,int8:column,int32:row
444,25.821,0,Gemm,catlass_gemm_quant_matmul_int8xColumnMajor_int8xColumnMajor_fp16xRowMajor_224x128x352_224x128x32_swizzle3x1,256,512,1024,int8:column,int8:column,int32:row
445,25.181,0,Gemm,catlass_gemm_quant_matmul_int8xColumnMajor_int8xColumnMajor_fp16xRowMajor_224x128x352_224x128x64_swizzle3x1,256,512,1024,int8:column,int8:column,int32:row
446,24.400,0,Gemm,catlass_gemm_quant_matmul_int8xColumnMajor_int8xColumnMajor_fp16xRowMajor_224x128x384_224x128x32_swizzle3x1,256,512,1024,int8:column,int8:column,int32:row
447,25.001,0,Gemm,catlass_gemm_quant_matmul_int8xColumnMajor_int8xColumnMajor_fp16xRowMajor_224x128x384_224x128x64_swizzle3x1,256,512,1024,int8:column,int8:column,int32:row
448,24.960,0,Gemm,catlass_gemm_quant_matmul_int8xColumnMajor_int8xColumnMajor_fp16xRowMajor_224x128x416_224x128x32_swizzle3x1,256,512,1024,int8:column,int8:column,int32:row
449,25.181,0,Gemm,catlass_gemm_quant_matmul_int8xColumnMajor_int8xColumnMajor_fp16xRowMajor_224x128x416_224x128x64_swizzle3x1,256,512,1024,int8:column,int8:column,int32:row
450,24.760,0,Gemm,catlass_gemm_quant_matmul_int8xColumnMajor_int8xColumnMajor_fp16xRowMajor_224x128x448_224x128x32_swizzle3x1,256,512,1024,int8:column,int8:column,int32:row
451,25.941,0,Gemm,catlass_gemm_quant_matmul_int8xColumnMajor_int8xColumnMajor_fp16xRowMajor_224x128x448_224x128x64_swizzle3x1,256,512,1024,int8:column,int8:column,int32:row
452,26.301,0,Gemm,catlass_gemm_quant_matmul_int8xColumnMajor_int8xColumnMajor_fp16xRowMajor_224x128x480_224x128x32_swizzle3x1,256,512,1024,int8:column,int8:column,int32:row
453,26.341,0,Gemm,catlass_gemm_quant_matmul_int8xColumnMajor_int8xColumnMajor_fp16xRowMajor_224x128x480_224x128x64_swizzle3x1,256,512,1024,int8:column,int8:column,int32:row
454,24.200,0,Gemm,catlass_gemm_quant_matmul_int8xColumnMajor_int8xColumnMajor_fp16xRowMajor_224x128x512_224x128x32_swizzle3x1,256,512,1024,int8:column,int8:column,int32:row
455,24.520,0,Gemm,catlass_gemm_quant_matmul_int8xColumnMajor_int8xColumnMajor_fp16xRowMajor_224x128x512_224x128x64_swizzle3x1,256,512,1024,int8:column,int8:column,int32:row
456,20.280,0,Gemm,catlass_gemm_quant_matmul_int8xColumnMajor_int8xColumnMajor_fp16xRowMajor_256x128x128_256x128x32_swizzle3x1,256,512,1024,int8:column,int8:column,int32:row
457,22.380,0,Gemm,catlass_gemm_quant_matmul_int8xColumnMajor_int8xColumnMajor_fp16xRowMajor_256x128x128_256x128x64_swizzle3x1,256,512,1024,int8:column,int8:column,int32:row
458,22.000,0,Gemm,catlass_gemm_quant_matmul_int8xColumnMajor_int8xColumnMajor_fp16xRowMajor_256x128x160_256x128x32_swizzle3x1,256,512,1024,int8:column,int8:column,int32:row
459,21.160,0,Gemm,catlass_gemm_quant_matmul_int8xColumnMajor_int8xColumnMajor_fp16xRowMajor_256x128x160_256x128x64_swizzle3x1,256,512,1024,int8:column,int8:column,int32:row
460,21.680,0,Gemm,catlass_gemm_quant_matmul_int8xColumnMajor_int8xColumnMajor_fp16xRowMajor_256x128x192_256x128x32_swizzle3x1,256,512,1024,int8:column,int8:column,int32:row
461,21.760,0,Gemm,catlass_gemm_quant_matmul_int8xColumnMajor_int8xColumnMajor_fp16xRowMajor_256x128x192_256x128x64_swizzle3x1,256,512,1024,int8:column,int8:column,int32:row
462,23.780,0,Gemm,catlass_gemm_quant_matmul_int8xColumnMajor_int8xColumnMajor_fp16xRowMajor_256x128x224_256x128x32_swizzle3x1,256,512,1024,int8:column,int8:column,int32:row
463,21.640,0,Gemm,catlass_gemm_quant_matmul_int8xColumnMajor_int8xColumnMajor_fp16xRowMajor_256x128x224_256x128x64_swizzle3x1,256,512,1024,int8:column,int8:column,int32:row
464,19.760,0,Gemm,catlass_gemm_quant_matmul_int8xColumnMajor_int8xColumnMajor_fp16xRowMajor_256x128x256_256x128x32_swizzle3x1,256,512,1024,int8:column,int8:column,int32:row
465,19.500,0,Gemm,catlass_gemm_quant_matmul_int8xColumnMajor_int8xColumnMajor_fp16xRowMajor_256x128x256_256x128x64_swizzle3x1,256,512,1024,int8:column,int8:column,int32:row
466,21.000,0,Gemm,catlass_gemm_quant_matmul_int8xColumnMajor_int8xColumnMajor_fp16xRowMajor_256x128x288_256x128x32_swizzle3x1,256,512,1024,int8:column,int8:column,int32:row
467,21.340,0,Gemm,catlass_gemm_quant_matmul_int8xColumnMajor_int8xColumnMajor_fp16xRowMajor_256x128x288_256x128x64_swizzle3x1,256,512,1024,int8:column,int8:column,int32:row
468,21.280,0,Gemm,catlass_gemm_quant_matmul_int8xColumnMajor_int8xColumnMajor_fp16xRowMajor_256x128x320_256x128x32_swizzle3x1,256,512,1024,int8:column,int8:column,int32:row
469,21.440,0,Gemm,catlass_gemm_quant_matmul_int8xColumnMajor_int8xColumnMajor_fp16xRowMajor_256x128x320_256x128x64_swizzle3x1,256,512,1024,int8:column,int8:column,int32:row
470,22.540,0,Gemm,catlass_gemm_quant_matmul_int8xColumnMajor_int8xColumnMajor_fp16xRowMajor_256x128x352_256x128x32_swizzle3x1,256,512,1024,int8:column,int8:column,int32:row
471,21.040,0,Gemm,catlass_gemm_quant_matmul_int8xColumnMajor_int8xColumnMajor_fp16xRowMajor_256x128x352_256x128x64_swizzle3x1,256,512,1024,int8:column,int8:column,int32:row
472,24.200,0,Gemm,catlass_gemm_quant_matmul_int8xColumnMajor_int8xColumnMajor_fp16xRowMajor_256x128x384_256x128x32_swizzle3x1,256,512,1024,int8:column,int8:column,int32:row
473,19.900,0,Gemm,catlass_gemm_quant_matmul_int8xColumnMajor_int8xColumnMajor_fp16xRowMajor_256x128x384_256x128x64_swizzle3x1,256,512,1024,int8:column,int8:column,int32:row
474,21.820,0,Gemm,catlass_gemm_quant_matmul_int8xColumnMajor_int8xColumnMajor_fp16xRowMajor_256x128x416_256x128x32_swizzle3x1,256,512,1024,int8:column,int8:column,int32:row
475,21.320,0,Gemm,catlass_gemm_quant_matmul_int8xColumnMajor_int8xColumnMajor_fp16xRowMajor_256x128x416_256x128x64_swizzle3x1,256,512,1024,int8:column,int8:column,int32:row
476,21.600,0,Gemm,catlass_gemm_quant_matmul_int8xColumnMajor_int8xColumnMajor_fp16xRowMajor_256x128x448_256x128x32_swizzle3x1,256,512,1024,int8:column,int8:column,int32:row
477,21.180,0,Gemm,catlass_gemm_quant_matmul_int8xColumnMajor_int8xColumnMajor_fp16xRowMajor_256x128x448_256x128x64_swizzle3x1,256,512,1024,int8:column,int8:column,int32:row
478,22.080,0,Gemm,catlass_gemm_quant_matmul_int8xColumnMajor_int8xColumnMajor_fp16xRowMajor_256x128x480_256x128x32_swizzle3x1,256,512,1024,int8:column,int8:column,int32:row
479,22.080,0,Gemm,catlass_gemm_quant_matmul_int8xColumnMajor_int8xColumnMajor_fp16xRowMajor_256x128x480_256x128x64_swizzle3x1,256,512,1024,int8:column,int8:column,int32:row
480,19.840,0,Gemm,catlass_gemm_quant_matmul_int8xColumnMajor_int8xColumnMajor_fp16xRowMajor_256x128x512_256x128x32_swizzle3x1,256,512,1024,int8:column,int8:column,int32:row
481,20.360,0,Gemm,catlass_gemm_quant_matmul_int8xColumnMajor_int8xColumnMajor_fp16xRowMajor_256x128x512_256x128x64_swizzle3x1,256,512,1024,int8:column,int8:column,int32:row
